filename__bundle:ORIGINAL,dc.title[ru],dc.title.alternative[en],dc.contributor.author,dc.contributor.editor,dc.date.issued,dc.publisher[ru],dc.language.iso,dc.identifier.isbn,dc.identifier.citation[ru],dc.relation.ispartof[ru],dc.relation.ispartofseries,dc.description.abstract[ru],dc.description.abstract[en],dc.subject[ru],dc.subject[en],dc.type[en],dc.type[ru],local.type.coar,dc.title[en],dc.title.alternative[ru],collection
Завражнова_S9.pdf,"Особенности функционирования датских отрицательных эмотивов styg, grim, hæslig в качестве сенсорно-вкусовой оценки","Features of the functioning of Danish negative emotives styg, grim, hæslig as sensory-taste evaluation","Завражнова, К. Р.","Солдатова, Д. Н.",2026,МГИМО МИД России,ru,978-5-9228-3244-1,"Завражнова К. Р. Особенности функционирования датских отрицательных эмотивов styg, grim, hæslig в качестве сенсорно-вкусовой оценки // Страны Северной Европы и Балтии : общество, культура, язык : материалы II Межвузовской студенческой научно-практической конференции (Москва, МГИМО МИД России, 8 апреля 2026 г.). — Москва : МГИМО МИД России, 2026. — С. 9–10.","Страны Северной Европы и Балтии : общество, культура, язык : материалы II Межвузовской студенческой научно-практической конференции (Москва, МГИМО МИД России, 8 апреля 2026 г.). — Москва : МГИМО МИД России, 2026.","СЕКЦИЯ «ДАНИЯ: ОБЩЕСТВО, КУЛЬТУРА, ЯЗЫК»","Данное исследование посвящено изучению функционирования датских отрицательных эмотивов styg, grim, hæslig в качестве аудитивной и визуальной оценки. Исследование строится на анализе семантики сенсорно-вкусовой оценки данных эмотивов, употребляющихся в роли атрибутов и предикатов. Особое внимание уделено анализу контекстов употребления эмотивов, их синонимичности, оттенков значения.","This study is dedicated to investigating the functioning of the Danish negative emotive words styg, grim and hæslig as auditory and visual evaluations. The research is based on an analysis of the semantics of sensory-gustatory evaluation of these emotives, when used as attributes and predicates. Special attention is paid to the analysis of their contexts of use, their synonymy, and nuances of meaning.",датский язык||семантика||эмотивы||оценка||сенсорно-вкусовая оценка,Danish language||semantics||emotives||evaluation||sensory-gustatory evaluation,conference paper,доклад на конференции,http://purl.org/coar/resource_type/c_5794,,,123456789/99999
Головченко_S11.pdf,Маркеры вертикальной ориентации в датских текстах,Vertical orientation markers in Danish texts,"Головченко, А. А.","Солдатова, Д. Н.",2026,МГИМО МИД России,ru,978-5-9228-3244-1,"Головченко А. А. Маркеры вертикальной ориентации в датских текстах // Страны Северной Европы и Балтии : общество, культура, язык : материалы II Межвузовской студенческой научно-практической конференции (Москва, МГИМО МИД России, 8 апреля 2026 г.). — Москва : МГИМО МИД России, 2026. — С. 11–12.","Страны Северной Европы и Балтии : общество, культура, язык : материалы II Межвузовской студенческой научно-практической конференции (Москва, МГИМО МИД России, 8 апреля 2026 г.). — Москва : МГИМО МИД России, 2026.","СЕКЦИЯ «ДАНИЯ: ОБЩЕСТВО, КУЛЬТУРА, ЯЗЫК»","Датские сложные пространственные маркеры (ovenfor ‘выше/вверху’, nedenfor ‘ниже/внизу’, deroppefra ‘оттуда-сверху’ и др.) используются для формирования ментального пространства говорящего и указания на его субъективную точку зрения [1; 2], что позволяет адресату поставить себя на место субъекта и представить, как организовано пространство повествователя. Такой перцептивный эффект называют «пространственной эмпатией» [1: с. 68]. В докладе будут рассмотрены оппозиции наречий ovenfor ‘выше/вверху’ – nedenfor ‘ниже/внизу’ и ovenover ‘сверху’– nedenunder ‘внизу’ с целью выявления особенностей функционирования данных единиц в том или ином контексте.","Danish complex spatial markers (ovenfor ‘above/up’, nedenfor ‘below/down’, deroppefra ‘from up there’, etc.) are used to shape the speaker's mental space and indicate their subjective point of view, allowing the addressee to imagine the way the narrator's space is organized. This perceptual effect is called ""spatial empathy"". This paper will examine the adverb oppositions ovenfor ‘above/up’ – nedenfor ‘below/down’ and ovenover ‘above’ – nedenunder ‘below’, with the aim of identifying the specific features of these units' functioning in a given context.",сложные пространственные маркеры||контактная ориентация||дистантная ориентация,complex spatial markers||contact orientation||distance orientation,conference paper,доклад на конференции,http://purl.org/coar/resource_type/c_5794,,,123456789/99999
Лозовский_S13.pdf,Диалектная вариативность датского языка: от традиционных диалектов к городским мультиэтнолектам,Dialectal variation of the Danish language: From traditional dialects to urban multiethnolects,"Лозовский, Н. С.","Солдатова, Д. Н.",2026,МГИМО МИД России,ru,978-5-9228-3244-1,"Лозовский Н. С. Диалектная вариативность датского языка: от традиционных диалектов к городским мультиэтнолектам // Страны Северной Европы и Балтии : общество, культура, язык : материалы II Межвузовской студенческой научно-практической конференции (Москва, МГИМО МИД России, 8 апреля 2026 г.). — Москва : МГИМО МИД России, 2026. — С. 13–15.","Страны Северной Европы и Балтии : общество, культура, язык : материалы II Межвузовской студенческой научно-практической конференции (Москва, МГИМО МИД России, 8 апреля 2026 г.). — Москва : МГИМО МИД России, 2026.","СЕКЦИЯ «ДАНИЯ: ОБЩЕСТВО, КУЛЬТУРА, ЯЗЫК»","Данное исследование посвящено изучению различным диалектам датского языка и особенностей их развития в современном языковом пространстве Дании. Рассматриваются основные группы традиционных датских диалектов, их фонетические и лексические особенности, а также факторы, повлиявшие на их трансформацию в XX-XXI веках. Особое внимание уделяется процессу нивелирования диалектов и появлению городских мультиэтнолектов, сформировавшихся в условиях многонациональной городской среды. Анализ позволяет выявить ключевые тенденции развития разговорной речи в современном датском обществе.","This study is devoted to the examination of the various dialects of the Danish language and the features of their development in the contemporary linguistic landscape of Denmark. The paper discusses the main groups of traditional Danish dialects, their phonetic and lexical characteristics, as well as the factors that influenced their transformation in the twentieth and twenty-first centuries. Particular attention is paid to the process of dialect leveling and the emergence of urban multiethnolects that have developed within a multinational urban environment. The analysis makes it possible to identify key trends in the development of spoken language in contemporary Danish society.",датский язык||диалект||социолингвистика||мультиэтнолект||фонетика,danish language||dialect||sociolinguistics||multiethnolect||phonetics,conference paper,доклад на конференции,http://purl.org/coar/resource_type/c_5794,,,123456789/99999
Цыганкова_S16.pdf,Сравнение коммеморативных названий площадей Копенгагена и Москвы,Comparison of commemorative names of squares in Copenhagen and Moscow,"Цыганкова, М. О.","Солдатова, Д. Н.",2026,МГИМО МИД России,ru,978-5-9228-3244-1,"Цыганкова М. О. Сравнение коммеморативных названий площадей Копенгагена и Москвы // Страны Северной Европы и Балтии : общество, культура, язык : материалы II Межвузовской студенческой научно-практической конференции (Москва, МГИМО МИД России, 8 апреля 2026 г.). — Москва : МГИМО МИД России, 2026. — С. 16–17.","Страны Северной Европы и Балтии : общество, культура, язык : материалы II Межвузовской студенческой научно-практической конференции (Москва, МГИМО МИД России, 8 апреля 2026 г.). — Москва : МГИМО МИД России, 2026.","СЕКЦИЯ «ДАНИЯ: ОБЩЕСТВО, КУЛЬТУРА, ЯЗЫК»","В докладе будут представлены результаты исследования, посвященного анализу коммеморативных названий площадей Копенгагена и Москвы. Целью исследования является выявление на примере агоронимов, или наименований городских площадей, современных топонимических тенденций в группе коммеморативов [1, с. 64], то есть названий, сохраняющих память о конкретном человеке или важном событии. Коммеморативные названия площадей Копенгагена и Москвы имеют как сходства, так и различия.","The paper presents the results of a study devoted to the analysis of commemorative names of squares in Copenhagen and their comparison with those in Moscow. The aim of the study is to identify, using the example of agoronyms (names of urban squares and marketplaces), contemporary toponymic trends within the group of commemorative names, i.e., names that preserve the memory of a particular person or significant historical event. Unlike other groups of agoronyms, the commemorative names of the two cities show a high degree of similarity.",датский язык||топонимика||агоронимы||коммеморативы||Копенгаген||Москва,Danish language||toponymy||agoronyms||commemorative names||Copenhagen||Moscow,conference paper,доклад на конференции,http://purl.org/coar/resource_type/c_5794,,,123456789/99999
Шевчукова_S18.pdf,Стратегический потенциал интенсификаторов в парламентской речи (на материале Фолькетинга),The strategic potential of intensifiers in parliamentary speech (based on folketinget debates),"Шевчукова, Т. С.","Солдатова, Д. Н.",2026,МГИМО МИД России,ru,978-5-9228-3244-1,"Шевчукова Т. С. Стратегический потенциал интенсификаторов в парламентской речи (на материале Фолькетинга) // Страны Северной Европы и Балтии : общество, культура, язык : материалы II Межвузовской студенческой научно-практической конференции (Москва, МГИМО МИД России, 8 апреля 2026 г.). — Москва : МГИМО МИД России, 2026. — С. 18–19.","Страны Северной Европы и Балтии : общество, культура, язык : материалы II Межвузовской студенческой научно-практической конференции (Москва, МГИМО МИД России, 8 апреля 2026 г.). — Москва : МГИМО МИД России, 2026.","СЕКЦИЯ «ДАНИЯ: ОБЩЕСТВО, КУЛЬТУРА, ЯЗЫК»","В работе на материале дебатов в Фолькетинге рассматривается, как интенсификаторы датского языка выполняют функцию инструментов коммуникативных стратегий. Выявлено, что оппозиция использует их для дискредитации, а правительство — для самопрезентации, легитимации своих действий и перехвата инициативы. Интенсификаторы выступают не просто маркерами, а активными элементами, структурирующими диалогический конфликт.","U sing the debates in the Folketing, this paper examines how Danish language intensifiers function as tools in communicative strategies. It reveals that the opposition uses them to discredit itself, while the government uses them to present itself, legitimize its actions, and seize the initiative. Intensifiers act not simply as markers but as active elements structuring dialogic conflict.",интенсификаторы||датский язык||коммуникативные стратегии||политический дискурс||Фолькетинг||дискредитация||самопрезентация,intensifiers||Danish language||communication strategies||political discourse||Folketing||discreditation||self-presentation,conference paper,доклад на конференции,http://purl.org/coar/resource_type/c_5794,,,123456789/99999
Жукова_S20.pdf,Феномен датского предвыборного плаката в XXI веке: особенности и изменения,Phenomenon of Danish election poster in the XXI century: Features and changes,"Жукова, Я. В.","Солдатова, Д. Н.",2026,МГИМО МИД России,ru,978-5-9228-3244-1,"Жукова Я. В. Феномен датского предвыборного плаката в XXI веке: особенности и изменения // Страны Северной Европы и Балтии : общество, культура, язык : материалы II Межвузовской студенческой научно-практической конференции (Москва, МГИМО МИД России, 8 апреля 2026 г.). — Москва : МГИМО МИД России, 2026. — С. 20–21.","Страны Северной Европы и Балтии : общество, культура, язык : материалы II Межвузовской студенческой научно-практической конференции (Москва, МГИМО МИД России, 8 апреля 2026 г.). — Москва : МГИМО МИД России, 2026.","СЕКЦИЯ «ДАНИЯ: ОБЩЕСТВО, КУЛЬТУРА, ЯЗЫК»","Данное исследование посвящено датскому предвыборному плакату как особому феномену политической культуры Дании. Внимание уделяется в первую очередь визуальной составляющей – лозунгам, изображениям кандидатов, цветовой гамме, буквенным обозначениям, композиции плакатов, однако отдельно в работе анализируются такие аспекты, как местоположение плакатов и вандализм в их отношении. Выделяются некоторые исключительные случаи плакатных изображений и текстов.","This study explores the issue of Danish election poster as a special phenomenon of Denmark's political culture. Attention is paid primarily to the visual component – slogans, images of candidates, colours, parties’ election letters, posters’ composition, additionally, aspects such as location of posters and vandalism in relation to them are being analyzed. Some exceptional cases of poster images and texts are highlighted.",избирательный плакат||парламентские выборы||муниципальные выборы||предвыборная программа||кандидат||цветовая гамма||избиратель,electionposter||parliamentaryelections||communal elections||candidate’s campaign program||candidates||colours||voter,conference paper,доклад на конференции,http://purl.org/coar/resource_type/c_5794,,,123456789/99999
Терентьева_S22.pdf,Закон Янте и его влияние на интеграцию иммигрантов в Дании,The Law of Jante and its impact on the integration of immigrants in Denmark,"Терентьева, М. П.","Солдатова, Д. Н.",2026,МГИМО МИД России,ru,978-5-9228-3244-1,"Терентьева М. П. Закон Янте и его влияние на интеграцию иммигрантов в Дании // Страны Северной Европы и Балтии : общество, культура, язык : материалы II Межвузовской студенческой научно-практической конференции (Москва, МГИМО МИД России, 8 апреля 2026 г.). — Москва : МГИМО МИД России, 2026. — С. 22–23.","Страны Северной Европы и Балтии : общество, культура, язык : материалы II Межвузовской студенческой научно-практической конференции (Москва, МГИМО МИД России, 8 апреля 2026 г.). — Москва : МГИМО МИД России, 2026.","СЕКЦИЯ «ДАНИЯ: ОБЩЕСТВО, КУЛЬТУРА, ЯЗЫК»","Данное исследование посвящено анализу феномена закона Янте (Janteloven) — неформального свода правил, впервые сформулированного датским и норвежским писателем Акселем Сандемусе в романе «Беглец пересекает свой след» (1933 г.). Особое внимание уделено анализу влияния закона Янте на процесс интеграции иммигрантов в датское общество. В работе рассматривается, как заповеди Янте влияют на восприятие «чужаков» коренными датчанами, а также анализируется субъективный опыт самих иммигрантов. Исследование опирается на научные исследования, публикации в СМИ и социальных сетях.","This study analyzes the phenomenon of the Law of Jante (Janteloven)—an informal set of rules first formulated by Danish-Norwegian writer Aksel Sandemose in his novel ""A Fugitive Crosses His Tracks"" (1933). Particular attention is paid to analyzing the influence of the Law of Jante on the integration of immigrants into Danish society. The paper examines how the Law of Jante influences native Danes' perceptions of ""strangers"" and also analyzes the subjective experiences of immigrants themselves. The study draws on academic research, media publications, and social media.",закон Янте||Janteloven||иммигранты||интеграция||датское общество,the Law of Jante||Janteloven||immigrants||integration||Danish society,conference paper,доклад на конференции,http://purl.org/coar/resource_type/c_5794,,,123456789/99999
Еремина_S24.pdf,Повторение как перформативный акт: критика воспоминания и становление субъекта в философии Кьеркегора,Repetition as a performative act: Critique of recollection and the becoming of the subject in kierkegaard's philosophy,"Еремина, Т. М.","Солдатова, Д. Н.",2026,МГИМО МИД России,ru,978-5-9228-3244-1,"Еремина Т. М. Повторение как перформативный акт: критика воспоминания и становление субъекта в философии Кьеркегора // Страны Северной Европы и Балтии : общество, культура, язык : материалы II Межвузовской студенческой научно-практической конференции (Москва, МГИМО МИД России, 8 апреля 2026 г.). — Москва : МГИМО МИД России, 2026. — С. 24–25.","Страны Северной Европы и Балтии : общество, культура, язык : материалы II Межвузовской студенческой научно-практической конференции (Москва, МГИМО МИД России, 8 апреля 2026 г.). — Москва : МГИМО МИД России, 2026.","СЕКЦИЯ «ДАНИЯ: ОБЩЕСТВО, КУЛЬТУРА, ЯЗЫК»","Данное исследование посвящено осмыслению концепта повторения в философии Серена Кьеркегора. Делается вывод о становлении субъекта при проходе через определенные стадии: эстетическую, этическую и религиозную. Именно на религиозной стадии датский философ полагает уместным говорить об истинном повторении.","This study is devoted to understanding of the concept of repetition in the philosophy of Søren Kierkegaard. It concludes that the subject becomes itself by passing through certain stages: the aesthetic, the ethic, and the religious. It is precisely at the religious stage that the Danish philosopher considers it appropriate to speak of a true repetition.",Кьеркегор||«Повторение»||Константин Констанций||экзистенциализм||прыжок веры||стадии существования||повторение и воспоминание||анамнесис||перформативный акт||религиозное измерение||свобода воли,Kierkegaard||«Repetition»||Constantin Constantius||existentialism||leap of faith||stages on life's way||repetition and recollection||anamnesis||performative act||religious stage||free will,conference paper,доклад на конференции,http://purl.org/coar/resource_type/c_5794,,,123456789/99999
Высоцкая_S26.pdf,"Концепция народного образования Н. Ф. С. Грундтвига на стыке теологии, национальной идентичности и политики","The concept of national education by N. F. S. Grundtvig at the intersection of theology, national identity, and politics","Высоцкая, К. В.","Солдатова, Д. Н.",2026,МГИМО МИД России,ru,978-5-9228-3244-1,"Высоцкая К. В. Концепция народного образования Н. Ф. С. Грундтвига на стыке теологии, национальной идентичности и политики // Страны Северной Европы и Балтии : общество, культура, язык : материалы II Межвузовской студенческой научно-практической конференции (Москва, МГИМО МИД России, 8 апреля 2026 г.). — Москва : МГИМО МИД России, 2026. — С. 26–27.","Страны Северной Европы и Балтии : общество, культура, язык : материалы II Межвузовской студенческой научно-практической конференции (Москва, МГИМО МИД России, 8 апреля 2026 г.). — Москва : МГИМО МИД России, 2026.","СЕКЦИЯ «ДАНИЯ: ОБЩЕСТВО, КУЛЬТУРА, ЯЗЫК»","В данном исследовании делается попытка рассмотреть феномен народных университетов/школ датского философа, пастора и поэта Николая Фредерика Северина Грундтвига, а также практическую реализацию данной идеи. Особое внимание уделяется теологическим взглядам Грундтвига, в частности о «живом слове». Кроме того, рассматриваются его мысли о возрождении Дании и всего Севера, как неотъемлемого фундамента формирования концепции национального образования.","This study attempts to examine the phenomenon of the folk high schools of the Danish philosopher, pastor, and poet Nikolaj Frederik Severin Grundtvig, as well as the practical implementation of this idea. Special attention is paid to Grundtvig’s theological views, particularly concerning “the living word”. Furthermore, his thoughts on the revival of Denmark and the entire Nordic region are considered as an essential foundation for shaping the concept of national education.",Дания||Н.Ф.С. Грундтвиг||грундтвигианство||национальное возрождение||национальное образование||народная высшая школа||свободная школа||«живое слово»,"Denmark||N.F.S. Grundtvig||Grundtvigianism||national revival||national education||folk high school||free school||""the living word""",conference paper,доклад на конференции,http://purl.org/coar/resource_type/c_5794,,,123456789/99999
Королев_S28.pdf,Hygge против lagom: датско-шведская конфронтация на примерах молодежной мем-культуры,Hygge versus lagom: The Danish-Swedish confrontation through the lensofmodern meme culture,"Королев, Д. С.","Солдатова, Д. Н.",2026,МГИМО МИД России,ru,978-5-9228-3244-1,"Королев Д. С. Hygge против lagom: датско-шведская конфронтация на примерах молодежной мем-культуры // Страны Северной Европы и Балтии : общество, культура, язык : материалы II Межвузовской студенческой научно-практической конференции (Москва, МГИМО МИД России, 8 апреля 2026 г.). — Москва : МГИМО МИД России, 2026. — С. 28–30.","Страны Северной Европы и Балтии : общество, культура, язык : материалы II Межвузовской студенческой научно-практической конференции (Москва, МГИМО МИД России, 8 апреля 2026 г.). — Москва : МГИМО МИД России, 2026.","СЕКЦИЯ «ДАНИЯ: ОБЩЕСТВО, КУЛЬТУРА, ЯЗЫК»",Данное исследование посвящено вопросам представления и репрезентации образа Швеции в современном датском дискурсе на примере молодежной мем-культуры. Особенное внимание уделено самоопределению датчан в мировом пространстве и соотнесение собственной роли с положением ближайшего соседа. Проводится анализ основных идейных нарративов относительно Швеции.,"This study is devoted to issues of perception and representation of Sweden in contemporary Danish discourse, using the example of the modern meme culture. Particular attention is paid to the self-identification of Danes in global perspective and the correlation of their own role with that of their closest neighbour. An analysis of the main ideological narratives concerning Sweden has been carried out.",digital memory studies||мемы||Дания||Швеция||антагонизм||коллективная травма,digital memory studies||memes||Denmark||Sweden||antagonism||collective trauma,conference paper,доклад на конференции,http://purl.org/coar/resource_type/c_5794,,,123456789/99999
Магагина_S31.pdf,Архетипическая эволюция женских образов в киновселенной Ларса фон Триера,Archetypal evolution of female figures in The cinematic universe of Lars von Trier,"Магагина, В. Н.","Солдатова, Д. Н.",2026,МГИМО МИД России,ru,978-5-9228-3244-1,"Магагина В. Н. Архетипическая эволюция женских образов в киновселенной Ларса фон Триера // Страны Северной Европы и Балтии : общество, культура, язык : материалы II Межвузовской студенческой научно-практической конференции (Москва, МГИМО МИД России, 8 апреля 2026 г.). — Москва : МГИМО МИД России, 2026. — С. 31–32.","Страны Северной Европы и Балтии : общество, культура, язык : материалы II Межвузовской студенческой научно-практической конференции (Москва, МГИМО МИД России, 8 апреля 2026 г.). — Москва : МГИМО МИД России, 2026.","СЕКЦИЯ «ДАНИЯ: ОБЩЕСТВО, КУЛЬТУРА, ЯЗЫК»","Данное исследование посвящено анализу трансформации архетипов женских персонажей в фильмах датского режиссера Ларса фон Триера. На материале двух авторских трилогий — «Золотое сердце» («Рассекая волны», 1996; «Идиоты», 1998; «Танцующая в темноте», 2000) и «Трилогия депрессии» («Антихрист», 2009; «Меланхолия», 2011; «Нимфоманка», 2013) — рассматривается переход от образа «сакральной жертвы» к фигуре природного, неконтролируемого зла. В фокусе анализа находятся картины с центральными женскими персонажами, прежде всего «Рассекая волны», «Танцующая в темноте», «Антихрист» и «Нимфоманка». Особое внимание уделяется связи эволюции женских архетипов с изменением религиозно-философских взглядов режиссера.","This study focuses on the analysis of the transformation of female character archetypes in the films of Danish director Lars von Trier. Drawing on two authorial trilogies — the “Golden Heart” trilogy (“Breaking the Waves”, 1996; “The Idiots”, 1998; “Dancer in the Dark”, 2000) and the “Depression Trilogy” (“Antichrist”, 2009; “Melancholia”, 2011; “Nymphomaniac”, 2013) — it examines the shift from the image of the “sacred victim” to that of a natural, uncontrollable evil. The analysis focuses on films with central female protagonists, primarily “Breaking the Waves”, “Dancer in the Dark”, “Antichrist” and “Nymphomaniac”. Particular attention is paid to the correlation between the evolution of female archetypes and the changes in the director’s religious and philosophical outlook.",Ларс фон Триер||архетип||женские образы||трилогия «Золотое сердце»||«Трилогия депрессии»||сакральная жертва||эволюция,Lars von Trier||archetype||female figures||“Golden Heart” trilogy||“Depression Trilogy”||sacred victim||evolution,conference paper,доклад на конференции,http://purl.org/coar/resource_type/c_5794,,,123456789/99999
Жиркова_S33.pdf,Наследие Августа Бурнонвиля как фундамент национальной школы датского балета,The legacy of August Bournonville as the foundation of the Danish national school of ballet,"Жиркова, А. А.","Солдатова, Д. Н.",2026,МГИМО МИД России,ru,978-5-9228-3244-1,"Жиркова А. А. Наследие Августа Бурнонвиля как фундамент национальной школы датского балета // Страны Северной Европы и Балтии : общество, культура, язык : материалы II Межвузовской студенческой научно-практической конференции (Москва, МГИМО МИД России, 8 апреля 2026 г.). — Москва : МГИМО МИД России, 2026. — С. 33–34.","Страны Северной Европы и Балтии : общество, культура, язык : материалы II Межвузовской студенческой научно-практической конференции (Москва, МГИМО МИД России, 8 апреля 2026 г.). — Москва : МГИМО МИД России, 2026.","СЕКЦИЯ «ДАНИЯ: ОБЩЕСТВО, КУЛЬТУРА, ЯЗЫК»","Данное исследование посвящено анализу роли Августа Бурнонвиля в формировании датской национальной школы классического танца. Особое внимание уделяется синтезу классических традиций в его педагогическом методе, а также специфическим чертам его хореографического стиля. Рассматривается вклад Бурнонвиля в развитие датской культуры и его влияние на становление балета как предмета национальной гордости.","This study is devoted to the analysis of August Bournonville's role in the formation of the Danish national school of classical ballet. Particular attention is paid to the synthesis of French and Italian traditions in his pedagogical method, as well as the specific features of the choreographic style he created. The article examines Bournonville's contribution to the development of Danish culture and his influence on the establishment of ballet as a matter of national pride.",Август Бурнонвиль||национальная школа классического танца||датский балет||хореографический стиль||история балета,August Bournonville||national school of classical ballet||Danish ballet||choreographic style||ballet history,conference paper,доклад на конференции,http://purl.org/coar/resource_type/c_5794,,,123456789/99999
Козлова_S35.pdf,Культура питания в Дании: типичное и особенное,Food culture in Denmark: The typical and the particular,"Козлова, М. К.","Солдатова, Д. Н.",2026,МГИМО МИД России,ru,978-5-9228-3244-1,"Козлова М. К. Культура питания в Дании: типичное и особенное // Страны Северной Европы и Балтии : общество, культура, язык : материалы II Межвузовской студенческой научно-практической конференции (Москва, МГИМО МИД России, 8 апреля 2026 г.). — Москва : МГИМО МИД России, 2026. — С. 35–38.","Страны Северной Европы и Балтии : общество, культура, язык : материалы II Межвузовской студенческой научно-практической конференции (Москва, МГИМО МИД России, 8 апреля 2026 г.). — Москва : МГИМО МИД России, 2026.","СЕКЦИЯ «ДАНИЯ: ОБЩЕСТВО, КУЛЬТУРА, ЯЗЫК»","Данное исследование посвящено комплексному анализу культуры питания Дании как многогранного социально-культурного феномена. В работе рассматривается эволюция датской кухни от доиндустриальной эпохи до эпохи «новой северной кухни», выявляется связь повседневных практик с национальной идентичностью, гендерными ролями и концепцией «хюгге». Особое внимание уделяется символической роли гастрономии в литературе и кинематографе, где еда выступает ключевым инструментом раскрытия экзистенциальных и социальных конфликтов.","This research provides a comprehensive analysis of Danish food culture as a multifaceted socio-cultural phenomenon. The study examines the evolution of Danish cuisine from the pre-industrial era to the era of ""New Nordic Cuisine,"" identifying the connection between everyday practices and national identity, gender roles, and the concept of ""hygge."" Special attention is paid to the symbolic role of gastronomy in literature and cinema, where food serves as a key tool for revealing existential and social conflicts.",Дания||культура питания||датские бутерброды||национальная идентичность||хюгге||гендерные роли||«новая северная кухня»||датский кинематограф||социальные изменения,"Denmark||food culture||smørrebrød||national identity||""hygge||"" gender roles||""New Nordic Cuisine||"" Danish cinema||social change",conference paper,доклад на конференции,http://purl.org/coar/resource_type/c_5794,,,123456789/99999
Алехнович_S39.pdf,Композиты-неологизмы как средство художественной выразительности в шведской поэзии модернизма,Compound neologisms as the means of artistic expression in Swedish modernist poetry,"Алехнович, Д. Ю.","Солдатова, Д. Н.",2026,МГИМО МИД России,ru,978-5-9228-3244-1,"Алехнович Д. Ю. Композиты-неологизмы как средство художественной выразительности в шведской поэзии модернизма // Страны Северной Европы и Балтии : общество, культура, язык : материалы II Межвузовской студенческой научно-практической конференции (Москва, МГИМО МИД России, 8 апреля 2026 г.). — Москва : МГИМО МИД России, 2026. — С. 39–41.","Страны Северной Европы и Балтии : общество, культура, язык : материалы II Межвузовской студенческой научно-практической конференции (Москва, МГИМО МИД России, 8 апреля 2026 г.). — Москва : МГИМО МИД России, 2026.",СЕКЦИЯ «ШВЕЦИЯ: КУЛЬТУРА И ЯЗЫК»,"Исследование посвящено использованию композитов-неологизмов как средства художественной выразительности в шведской поэзии модернизма. Словосложение является самым продуктивным и частым способом создания новых слов в шведском языке и его роль в поэтической речи ещё не была изучена эксплицитно. Цель работы – определить лингвистическое и художественное содержание использования сложных слов-неологизмов на материале стихотворений Г. Экелёфа, К. Бойе и Х. Мартинсона.","The research is devoted to compound neologisms’ usage as the means of artistic expression in Swedish modernist poetry. Compounding is the most productive and frequent way of creating new word in Swedish and its role in poetry hasn’t been studied explicitly. The aim of this work is to determine the linguistic and artistic content of the use of complex neologisms in the poems of G. Ekelöf, K. Boye, and H. Martinson. Key words: modernism, Swedish poetry, compound words, neologisms МЕТАФОРА В ТВОРЧЕСТВЕ ТУМАСА ТРАНСТРЁМЕРА МАТВЕЕВА А. В. СПбГУ Санкт-Петербург, Россия Аннотация Исследование посвящено изучению метафоры в творчестве Тумаса Транстрёмера, одного из крупнейших шведских поэтов XX века. Рассматриваются концептуальные метафоры, свойственные шведскому языку и нашедшие свое отражение в стихотворениях Т. Транстрёмера, а также авторские метафоры. На основе наиболее частотных компонентов метафор выделяются тематические группы и способы метафоризации.",модернизм||шведская поэзия||сложные слова||неологизмы,Тумас Транстрёмер||шведская литература||метафора||концептуальная метафора||метафоризация,conference paper,доклад на конференции,http://purl.org/coar/resource_type/c_5794,,,123456789/99999
Матвеева_S42.pdf,Метафора в творчестве Тумаса Транстрёмера,Metaphor in the works of Tomas Tranströmer,"Матвеева, А. В.","Солдатова, Д. Н.",2026,МГИМО МИД России,ru,978-5-9228-3244-1,"Матвеева А. В. Метафора в творчестве Тумаса Транстрёмера // Страны Северной Европы и Балтии : общество, культура, язык : материалы II Межвузовской студенческой научно-практической конференции (Москва, МГИМО МИД России, 8 апреля 2026 г.). — Москва : МГИМО МИД России, 2026. — С. 42–43.","Страны Северной Европы и Балтии : общество, культура, язык : материалы II Межвузовской студенческой научно-практической конференции (Москва, МГИМО МИД России, 8 апреля 2026 г.). — Москва : МГИМО МИД России, 2026.",СЕКЦИЯ «ШВЕЦИЯ: КУЛЬТУРА И ЯЗЫК»,"Исследование посвящено изучению метафоры в творчестве Тумаса Транстрёмера, одного из крупнейших шведских поэтов XX века. Рассматриваются концептуальные метафоры, свойственные шведскому языку и нашедшие свое отражение в стихотворениях Т. Транстрёмера, а также авторские метафоры. На основе наиболее частотных компонентов метафор выделяются тематические группы и способы метафоризации.","This study examines metaphor in the works of Tomas Tranströmer, one of the major Swedish poets of the 20th century. The analysis focuses on conceptual metaphors inherent to the Swedish language as reflected in Tranströmer's poems, as well as on his individual authorial metaphors. By identifying the most frequent metaphorical components, the study distinguishes thematic groups and mechanisms of metaphorization.",Тумас Транстрёмер||шведская литература||метафора||концептуальная метафора||метафоризация,Tomas Tranströmer||Swedish literature||metaphor||conceptual metaphor||metaphorization,conference paper,доклад на конференции,http://purl.org/coar/resource_type/c_5794,,,123456789/99999
Беккер_S44.pdf,Корпоративная культура IKEA как инструмент мягкой силы в современных международных отношениях,Ikea’s corporate culture as an instrument of soft power in contemporary international relations,"Беккер, В. В.","Солдатова, Д. Н.",2026,МГИМО МИД России,ru,978-5-9228-3244-1,"Беккер В. В. Корпоративная культура IKEA как инструмент мягкой силы в современных международных отношениях // Страны Северной Европы и Балтии : общество, культура, язык : материалы II Межвузовской студенческой научно-практической конференции (Москва, МГИМО МИД России, 8 апреля 2026 г.). — Москва : МГИМО МИД России, 2026. — С. 44–45.","Страны Северной Европы и Балтии : общество, культура, язык : материалы II Межвузовской студенческой научно-практической конференции (Москва, МГИМО МИД России, 8 апреля 2026 г.). — Москва : МГИМО МИД России, 2026.",СЕКЦИЯ «ШВЕЦИЯ: КУЛЬТУРА И ЯЗЫК»,"Исследование посвящено анализу корпоративной культуры IKEA как инструмента мягкой силы в современных международных отношениях. Особое внимание уделено рассмотрению конкретных примеров того, как ценности, управленческие практики и деятельность компании способствуют формированию образа Швеции на мировой арене. Исследование демонстрирует, что IKEA является проводником национального бренда.","The study is devoted to the analysis of IKEA's corporate culture as a soft power tool in international relations. Special attention is paid to specific examples of how the company's values, management practices and activities contribute to shaping Sweden's image on the world stage. The study demonstrates that IKEA acts as a promoter of the national brand.",мягкая сила||IKEA||Швеция||корпоративная культура||публичная дипломатия||национальный бренд||транснациональная корпорация,soft power||IKEA||Sweden||corporate culture||public diplomacy||national brand||transnational corporation,conference paper,доклад на конференции,http://purl.org/coar/resource_type/c_5794,,,123456789/99999
Петров_S46.pdf,Авторское кино И. Бергмана: влияние на шведский и мировой кинематограф,Ingmar Bergman’s auteur cinema: Influence on Swedish and world cinematography,"Петров, М. В.","Солдатова, Д. Н.",2026,МГИМО МИД России,ru,978-5-9228-3244-1,"Петров М. В. Авторское кино И. Бергмана: влияние на шведский и мировой кинематограф // Страны Северной Европы и Балтии : общество, культура, язык : материалы II Межвузовской студенческой научно-практической конференции (Москва, МГИМО МИД России, 8 апреля 2026 г.). — Москва : МГИМО МИД России, 2026. — С. 46–47.","Страны Северной Европы и Балтии : общество, культура, язык : материалы II Межвузовской студенческой научно-практической конференции (Москва, МГИМО МИД России, 8 апреля 2026 г.). — Москва : МГИМО МИД России, 2026.",СЕКЦИЯ «ШВЕЦИЯ: КУЛЬТУРА И ЯЗЫК»,"Работа посвящена осмыслению феномена авторского кино Ингмана Бергмана и его влияния на шведский и мировой кинематограф. Анализируются особенности его авторского почерка: камерность повествования, философская насыщенность, выразительность крупного плана и минимализм визуальных средств. В центре внимания - вопрос о том, каким образом режиссер, глубоко укорененный в шведской культурной традиции, стал фигурой мирового масштаба.","This work explores the phenomenon of Ingmar Bergman’s auteur cinema and its influence on Swedish and world cinema. It analyzes the distinctive features of his authorial style, including narrative intimacy, philosophical depth, the expressive use of the close-up, and visual minimalism. Particular attention is given to the question of how a director who was deeply rooted in Swedish cultural tradition came to achieve global recognition and become a figure of international significance. Key words: Ingmar Bergman, auteur cinema, Swedish cinema, cinematic language, directorial style, Scandinavian culture, national identity ОТ ГЮБНЕРА ДО СТРАЛЕНБЕРГА: ФОРМИРОВАНИЕ «ОБРАЗА СЕВЕРНОГО СОСЕДА» В ПОЛИТИЧЕСКОЙ ГЕОГРАФИИ РОССИИ И ШВЕЦИИ В XVIII ВЕКЕ ТАРУСОВА Д.А. МГИМО МИД России Москва, Россия Аннотация В статье исследуется эволюция взаимных представлений о России и Швеции в политико-географических сочинениях первой половины–середины XVIII века. Опираясь на труды И. Гюбнера и Х.Н. фон Винсгейма, записки В.Н. Татищева, а также шведские источники (донесения Ф. Эренмальма и сочинение Ф.-И. фон Страленберга), автор показывает сдвиг в восприятии: от легитимизации нового баланса сил после Северной войны к прикладному изучению потенциала соседней державы. Особое внимание уделяется процессам систематизации и обмена знаний между Россией и Швецией, которые в XVIII веке стали основой для военно-стратегического планирования.",Ингмар Бергман||авторское кино||шведский кинематограф||киноязык||режиссерский почерк||скандинавская культура||национальная идентичность,политическая география||Россия и Швеция в XVIII веке||Северная война||Иоганн Гюбнер||Христиан Никола фон Винсгейм||Василий Татищев||Филипп Иоганн фон Страленберг,conference paper,доклад на конференции,http://purl.org/coar/resource_type/c_5794,,,123456789/99999
Тарусова_S48.pdf,От Гюбнера до Страленберга: формирование «образа северного соседа» В политической географии России И Швеции В XVIII веке,"From Hubner to Strahlenberg: The formation of the ""image of the Northern neighbor"" in the political geography of Russia and Sweden in the 18th century","Тарусова, Д. А.","Солдатова, Д. Н.",2026,МГИМО МИД России,ru,978-5-9228-3244-1,"Тарусова Д. А. От Гюбнера до Страленберга: формирование «образа северного соседа» В политической географии России И Швеции В XVIII веке // Страны Северной Европы и Балтии : общество, культура, язык : материалы II Межвузовской студенческой научно-практической конференции (Москва, МГИМО МИД России, 8 апреля 2026 г.). — Москва : МГИМО МИД России, 2026. — С. 48–50.","Страны Северной Европы и Балтии : общество, культура, язык : материалы II Межвузовской студенческой научно-практической конференции (Москва, МГИМО МИД России, 8 апреля 2026 г.). — Москва : МГИМО МИД России, 2026.",СЕКЦИЯ «ШВЕЦИЯ: КУЛЬТУРА И ЯЗЫК»,"В статье исследуется эволюция взаимных представлений о России и Швеции в политико-географических сочинениях первой половины–середины XVIII века. Опираясь на труды И. Гюбнера и Х.Н. фон Винсгейма, записки В.Н. Татищева, а также шведские источники (донесения Ф. Эренмальма и сочинение Ф.-И. фон Страленберга), автор показывает сдвиг в восприятии: от легитимизации нового баланса сил после Северной войны к прикладному изучению потенциала соседней державы. Особое внимание уделяется процессам систематизации и обмена знаний между Россией и Швецией, которые в XVIII веке стали основой для военно-стратегического планирования.","The article examines the evolution of mutual perceptions of Russia and Sweden in political-geographical writings of the first half to the mid-18th century. Drawing on the works of J. Hubner and C.N. von Winsheim, the notes of V.N. Tatishchev, as well as Swedish sources (intelligence reports by F. Ehrenmalm and the treatise by F.J. von Strahlenberg), the author traces a shift in perception: from the legitimization of the new balance of power after the Great Northern War to the applied study of the neighboring state's potential. Particular attention is paid to the processes of systematization and exchange of knowledge between Russia and Sweden, which in the 18th century became a foundation for military-strategic planning.",политическая география||Россия и Швеция в XVIII веке||Северная война||Иоганн Гюбнер||Христиан Никола фон Винсгейм||Василий Татищев||Филипп Иоганн фон Страленберг,political geography||Russia and Sweden in the 18th century||Great Northern War||Johann Hubner||Christian Nicolaus von Winsheim||Vasily Tatishchev||Philipp Johann von Strahlenberg,conference paper,доклад на конференции,http://purl.org/coar/resource_type/c_5794,,,123456789/99999
Ткач_S51.pdf,Научно-образовательные программы университетов Лулео и умео как элемент реализации арктической стратегии Швеции,Scientific and educational programs of the universities of Luleå and Umeå as an element of the implementation of the Arctic strategy of Sweden,"Ткач, Д. О.","Солдатова, Д. Н.",2026,МГИМО МИД России,ru,978-5-9228-3244-1,"Ткач Д. О. Научно-образовательные программы университетов Лулео и умео как элемент реализации арктической стратегии Швеции // Страны Северной Европы и Балтии : общество, культура, язык : материалы II Межвузовской студенческой научно-практической конференции (Москва, МГИМО МИД России, 8 апреля 2026 г.). — Москва : МГИМО МИД России, 2026. — С. 51–53.","Страны Северной Европы и Балтии : общество, культура, язык : материалы II Межвузовской студенческой научно-практической конференции (Москва, МГИМО МИД России, 8 апреля 2026 г.). — Москва : МГИМО МИД России, 2026.",СЕКЦИЯ «ШВЕЦИЯ: КУЛЬТУРА И ЯЗЫК»,"В работе рассматривается роль университетских образовательных программ в реализации арктической стратегии Швеции. Анализируется содержание арктической стратегии Швеции и её образовательных приоритетов. Особое внимание уделяется развитию научных исследований и подготовке высококвалицифицированных междисциплинарных специалистов, способных работать в суровых климатических условиях Арктики и их значению для устойчивого развития Севера.","The study considers the role of university educational programs in the implementation of Sweden’s strategy for the Arctic region. It also focuses on the development of scientific research and the training of highly qualified interdisciplinary specialists who will be able to work in the severe climatic conditions of the Arctic, highlighting their importance for the sustainable development of the North.",Научно-образовательные программы||Арктика||Швеция||арктическая стратегия||научные исследования||устойчивое развитие,Scientific and educational programs||Arctic||Sweden||Arctic strategy||scientific research||sustainable development,conference paper,доклад на конференции,http://purl.org/coar/resource_type/c_5794,,,123456789/99999
Прудниченков_S54.pdf,Искусство рунических камней после христианизации Швеции,Runestones art after Christianization of Scandinavia,"Прудниченков, А. С.||Морозевич, А. Д.","Солдатова, Д. Н.",2026,МГИМО МИД России,ru,978-5-9228-3244-1,"Прудниченков А. С.; Морозевич А. Д. Искусство рунических камней после христианизации Швеции // Страны Северной Европы и Балтии : общество, культура, язык : материалы II Межвузовской студенческой научно-практической конференции (Москва, МГИМО МИД России, 8 апреля 2026 г.). — Москва : МГИМО МИД России, 2026. — С. 54–56.","Страны Северной Европы и Балтии : общество, культура, язык : материалы II Межвузовской студенческой научно-практической конференции (Москва, МГИМО МИД России, 8 апреля 2026 г.). — Москва : МГИМО МИД России, 2026.",СЕКЦИЯ «ШВЕЦИЯ: КУЛЬТУРА И ЯЗЫК»,"Статья посвящена вопросу эволюции искусства рунических камней вследствие христианизации народов Скандинавии, а в частности - Швеции, изменению рунического письма и характера графических изображений на рунических камнях сквозь века.","The article is devoted to the evolution of the art of runestones due to the Christianization of the peoples of Scandinavia, and in particular Sweden, the change in runic writing and the nature of graphic images on runestones through the centuries.",руны||руническое письмо||рунические камни||христианство,runes||runic writing||rune stones||Christianity,conference paper,доклад на конференции,http://purl.org/coar/resource_type/c_5794,,,123456789/99999
Батрукова_S57.pdf,Национальные меньшинства Швеции,National minorities of Sweden,"Батрукова, Р. Р.","Солдатова, Д. Н.",2026,МГИМО МИД России,ru,978-5-9228-3244-1,"Батрукова Р. Р. Национальные меньшинства Швеции // Страны Северной Европы и Балтии : общество, культура, язык : материалы II Межвузовской студенческой научно-практической конференции (Москва, МГИМО МИД России, 8 апреля 2026 г.). — Москва : МГИМО МИД России, 2026. — С. 57–58.","Страны Северной Европы и Балтии : общество, культура, язык : материалы II Межвузовской студенческой научно-практической конференции (Москва, МГИМО МИД России, 8 апреля 2026 г.). — Москва : МГИМО МИД России, 2026.",СЕКЦИЯ «ШВЕЦИЯ: КУЛЬТУРА И ЯЗЫК»,Исследование посвящено анализу положения пяти официально признанных меньшинств в Швеции. Рассматривается эволюция их статуса от дискриминации и ассимиляции до современной законодательной защиты. Особое внимание уделяется сохранению языкового наследия и роди культурных активистов в формировании многонационального общества.,This study analyzes the situation of five officially recognized minorities in Sweden. The evolution of their status from discrimination and assimilation to modern legislative protection is considered. Special attention is paid to the preservation of linguistic heritage and the role of cultural activists in the formation of a multinational society.,национальные меньшинства||Швеция||законодательная защита||дискриминация||культурная самобытность,national minorities||Sweden||legislative protection||discrimination||cultural identity,conference paper,доклад на конференции,http://purl.org/coar/resource_type/c_5794,,,123456789/99999
Беженарь_S59.pdf,Концепция уюта в повседневной жизни шведов,The concept of comfort in the everyday life of the Swedes,"Беженарь, А. И.","Солдатова, Д. Н.",2026,МГИМО МИД России,ru,978-5-9228-3244-1,"Беженарь А. И. Концепция уюта в повседневной жизни шведов // Страны Северной Европы и Балтии : общество, культура, язык : материалы II Межвузовской студенческой научно-практической конференции (Москва, МГИМО МИД России, 8 апреля 2026 г.). — Москва : МГИМО МИД России, 2026. — С. 59–60.","Страны Северной Европы и Балтии : общество, культура, язык : материалы II Межвузовской студенческой научно-практической конференции (Москва, МГИМО МИД России, 8 апреля 2026 г.). — Москва : МГИМО МИД России, 2026.",СЕКЦИЯ «ШВЕЦИЯ: КУЛЬТУРА И ЯЗЫК»,"Исследование посвящено культурному феномену «уюта» (швед. mys) в современном шведском обществе. В работе кратко рассматривается история возникновения и содержание этого феномена в форме «уютной пятницы» (швед. fredagsmys), а также проводится попытка определить его культурное влияние на шведское общество.","This study is devoted to the cultural phenomenon of ""comfort"" (myset) in modern Swedish society. The paper briefly examines the history and content of this phenomenon in the form of ""cozy Friday"" (fredagsmys), as well as attempts to determine its cultural impact on Swedish society.",Швеция||общество||культура||традиции и обычаи||культурное наследие,Sweden||society||culture||traditions and customs||cultural heritage,conference paper,доклад на конференции,http://purl.org/coar/resource_type/c_5794,,,123456789/99999
Романов_S61.pdf,Почему Швеция — мировой центр поп-музыки,Why Sweden is a global center of pop music,"Романов, М. Р.","Солдатова, Д. Н.",2026,МГИМО МИД России,ru,978-5-9228-3244-1,"Романов М. Р. Почему Швеция — мировой центр поп-музыки // Страны Северной Европы и Балтии : общество, культура, язык : материалы II Межвузовской студенческой научно-практической конференции (Москва, МГИМО МИД России, 8 апреля 2026 г.). — Москва : МГИМО МИД России, 2026. — С. 61–62.","Страны Северной Европы и Балтии : общество, культура, язык : материалы II Межвузовской студенческой научно-практической конференции (Москва, МГИМО МИД России, 8 апреля 2026 г.). — Москва : МГИМО МИД России, 2026.",СЕКЦИЯ «ШВЕЦИЯ: КУЛЬТУРА И ЯЗЫК»,"Исследование посвящено анализу причин, по которым Швеция стала одним из ведущих мировых центров поп-музыки. Рассматриваются ключевые факторы развития музыкальной индустрии, включая систему образования, государственную поддержку, роль продюсеров и влияние цифровых технологий. Результаты исследования также подчеркивают устойчивое влияние шведской поп-музыки на формирование глобальных музыкальных трендов и экспорт культурного продукта.","This study is devoted to analyzing the reasons why Sweden has become one of the leading global centers of pop music. It examines the key factors in the development of the music industry, including the education system, state support, the role of producers, and the influence of digital technologies. The findings of the study also highlight the lasting impact of Swedish pop music on the shaping of global musical trends and on the export of cultural products.",Швеция||поп-музыка||музыкальная индустрия||культура||продюсеры||глобализация,Sweden||pop music||music industry||culture||producers||globalization,conference paper,доклад на конференции,http://purl.org/coar/resource_type/c_5794,,,123456789/99999
Савостенок_S63.pdf,,,"Савостенок, А. С.","Солдатова, Д. Н.",2026,МГИМО МИД России,en,978-5-9228-3244-1,"Савостенок А. С. Main stages and principles of Swedish migration policy formation // Страны Северной Европы и Балтии : общество, культура, язык : материалы II Межвузовской студенческой научно-практической конференции (Москва, МГИМО МИД России, 8 апреля 2026 г.). — Москва : МГИМО МИД России, 2026. — Pp. 63–65.","Страны Северной Европы и Балтии : общество, культура, язык : материалы II Межвузовской студенческой научно-практической конференции (Москва, МГИМО МИД России, 8 апреля 2026 г.). — Москва : МГИМО МИД России, 2026.",СЕКЦИЯ «ШВЕЦИЯ: ОБЩЕСТВО»,"В статье прослеживается путь Швеции от страны — донора эмигрантов до одного из ключевых реципиентов миграции в Европе. Анализируются исторические миграционные волны, формирование мультикультурного подхода в 1975 году и его кризис. Особое внимание уделяется «смене парадигмы» («paradigmskiftet») после 2022 года, связанной с Соглашением Tidö (Tidöavtalet), а также современным тенденциям.","The article examines the evolution of Swedish migration policy from the country of emigration to one of Europe’s main receiving states. It analyzes historical migration waves, the formation of the multicultural approach in 1975, and its crisis. Special attention is paid to the «paradigm shift» («paradigmskiftet») after 2022, linked to the Tidö Agreement (Tidöavtalet), as well as current trends.",Швеция||миграционная политика||мультикультурализм||Tidöavtalet||«paradigmskiftet»||интеграция,Sweden||migration policy||multiculturalism||Tidöavtalet||«paradigmskiftet»||integration,conference paper,доклад на конференции,http://purl.org/coar/resource_type/c_5794,Main stages and principles of Swedish migration policy formation,Основные этапы и принципы формирования миграционной политики Швеции,123456789/99999
Ярина_S66.pdf,Кризис системы приема беженцев в Швеции на рубеже 1980-1990-х годов,The crisis of the asylum system in Sweden at the turn of the 1980s–1990s,"Ярина, Д. А.","Солдатова, Д. Н.",2026,МГИМО МИД России,ru,978-5-9228-3244-1,"Ярина Д. А. Кризис системы приема беженцев в Швеции на рубеже 1980-1990-х годов // Страны Северной Европы и Балтии : общество, культура, язык : материалы II Межвузовской студенческой научно-практической конференции (Москва, МГИМО МИД России, 8 апреля 2026 г.). — Москва : МГИМО МИД России, 2026. — С. 66–68.","Страны Северной Европы и Балтии : общество, культура, язык : материалы II Межвузовской студенческой научно-практической конференции (Москва, МГИМО МИД России, 8 апреля 2026 г.). — Москва : МГИМО МИД России, 2026.",СЕКЦИЯ «ШВЕЦИЯ: ОБЩЕСТВО»,"В статье анализируется кризис системы приема беженцев в Швеции на рубеже 1980-1990-х годов, вызванный резким ростом числа просителей убежища. Рассматриваются основные проявления кризиса (административная перегрузка, дефицит ресурсов и др.), а также «Декабрьское решение» 1989 года, которое сузило критерии предоставления убежища и ознаменовало переход от политики неограниченной солидарности к прагматичному учету государственных возможностей при приеме беженцев.","The article analyzes the crisis of the asylum system in Sweden at the turn of the 1980s– 1990s, caused by a sharp increase in the number of asylum seekers. The main manifestations of the crisis (administrative overload, lack of resources, etc.) are considered, as well as the ""December decision"" of 1989, which narrowed the criteria for granting asylum and marked the transition from a policy of unlimited solidarity to a pragmatic consideration of state opportunities when accepting refugees.",Швеция||иммиграционная политика||кризис приема беженцев||«Декабрьское решение» 1989 года||беженцы,"Sweden||immigration policy||asylum crisis||""December decision"" of 1989||refugees",conference paper,доклад на конференции,http://purl.org/coar/resource_type/c_5794,,,123456789/99999
Чернышева_S69.pdf,Проблема интеграции мигрантов и устойчивость скандинавской модели благосостояния на примере Швеции,The problem of migrant integration and the sustainability of the Scandinavian welfare model: The case of Sweden,"Чернышева, В. С.","Солдатова, Д. Н.",2026,МГИМО МИД России,ru,978-5-9228-3244-1,"Чернышева В. С. Проблема интеграции мигрантов и устойчивость скандинавской модели благосостояния на примере Швеции // Страны Северной Европы и Балтии : общество, культура, язык : материалы II Межвузовской студенческой научно-практической конференции (Москва, МГИМО МИД России, 8 апреля 2026 г.). — Москва : МГИМО МИД России, 2026. — С. 69–70.","Страны Северной Европы и Балтии : общество, культура, язык : материалы II Межвузовской студенческой научно-практической конференции (Москва, МГИМО МИД России, 8 апреля 2026 г.). — Москва : МГИМО МИД России, 2026.",СЕКЦИЯ «ШВЕЦИЯ: ОБЩЕСТВО»,"В работе рассматриваются современные проблемы интеграции мигрантов и их влияние на устойчивость скандинавской модели благосостояния на примере Швеции. Анализируются ключевые характеристики модели, особенности миграционных процессов последних лет и структурные барьеры интеграции. Особое внимание уделяется экономическим, социальным и институциональным факторам, включая рынок труда, бюджетную нагрузку, сегрегацию и трансформацию общественного доверия. На основе актуальных статистических данных выявляются противоречия между универсальностью социальной политики и изменяющейся структурой населения. Рассматриваются направления адаптации государственной политики, включая ужесточение миграционного регулирования и усиление мер по трудовой интеграции.","This paper examines contemporary issues surrounding the integration of migrants and their impact on the sustainability of the Scandinavian welfare model, using Sweden as a case study. It analyses the key characteristics of the model, the specific features of migration processes in recent years, and the structural barriers to integration. Particular attention is paid to economic, social and institutional factors, including the labour market, budgetary burden, segregation and the transformation of public trust. Based on current statistical data, contradictions between the universalism of social policy and the changing demographic structure are identified. Directions for the adaptation of public policy are examined, including the tightening of migration regulations and the strengthening of measures for labour market integration.",скандинавская модель благосостояния||миграция||интеграция мигрантов||рынок труда||социальная политика||занятость,Scandinavian welfare model||migration||migrant integration||labour market||social policy||employment,conference paper,доклад на конференции,http://purl.org/coar/resource_type/c_5794,,,123456789/99999
Березиков_S71.pdf,Интеграция еврейской общины в шведское общество: исторические этапы и институциональные изменения,The integration of the Jewish community into Swedish society: Historical stages and institutional changes,"Березиков, Е. С.","Солдатова, Д. Н.",2026,МГИМО МИД России,ru,978-5-9228-3244-1,"Березиков Е. С. Интеграция еврейской общины в шведское общество: исторические этапы и институциональные изменения // Страны Северной Европы и Балтии : общество, культура, язык : материалы II Межвузовской студенческой научно-практической конференции (Москва, МГИМО МИД России, 8 апреля 2026 г.). — Москва : МГИМО МИД России, 2026. — С. 71–72.","Страны Северной Европы и Балтии : общество, культура, язык : материалы II Межвузовской студенческой научно-практической конференции (Москва, МГИМО МИД России, 8 апреля 2026 г.). — Москва : МГИМО МИД России, 2026.",СЕКЦИЯ «ШВЕЦИЯ: ОБЩЕСТВО»,"2 мая 2025 года исполнилось 250 лет с того момента, как король Густав III подписал охранную грамоту Аарону Исааку, разрешив ему селиться в Швеции без смены веры — с этого события начинается история еврейской общины королевства. Пройдя путь от ограничений «Еврейского регламента» до получения в 1870 году гражданских прав, а в 2000 — статуса национального меньшинства, сегодня евреи Швеции столкнулись с беспрецедентным вызовом. Исследование, в частности, рассматривает резкий рост антисемитизма после эскалации конфликта в Газе в 2023 году, а также анализ первой национальной стратегии Швеции по борьбе с антисемитизмом на 2025–2034 годы как попытки государства сохранить еврейскую жизнь в стране.","On May 2, 2025, it was 250 years since King Gustav III signed a letter of protection for Aaron Isaac, allowing him to settle in Sweden without converting — this event marks the beginning of the history of the Jewish community in the kingdom. Having come a long way from the restrictions of the ""Jew Regulation"" to obtaining civil rights in 1870, and in 2000 — the status of a national minority, today the Jews of Sweden face an unprecedented challenge. The study, in particular, examines the sharp rise in antisemitism after the escalation of the Gaza conflict in 2023, as well as an analysis of Sweden's first national strategy to combat antisemitism for 2025–2034 as an attempt by the state to preserve Jewish life in the country.",евреи Швеции||Аарон Исаак||национальные меньшинства||антисемитизм||Швеция||миграционная политика||стратегия безопасности||250-летие,Swedish Jews||Aaron Isaac||national minorities||antisemitism||Sweden||migration policy||security strategy||250th anniversary,conference paper,доклад на конференции,http://purl.org/coar/resource_type/c_5794,,,123456789/99999
Козлова_S73.pdf,,,"Козлова, К. В.||Субботин, И. А.","Солдатова, Д. Н.",2026,МГИМО МИД России,en,978-5-9228-3244-1,"Козлова К. В.; Субботин И. А. Party-political discourse on nuclear nonproliferation and nuclear deterrence in Sweden post 2022 // Страны Северной Европы и Балтии : общество, культура, язык : материалы II Межвузовской студенческой научно-практической конференции (Москва, МГИМО МИД России, 8 апреля 2026 г.). — Москва : МГИМО МИД России, 2026. — Pp. 73–75.","Страны Северной Европы и Балтии : общество, культура, язык : материалы II Межвузовской студенческой научно-практической конференции (Москва, МГИМО МИД России, 8 апреля 2026 г.). — Москва : МГИМО МИД России, 2026.",СЕКЦИЯ «ШВЕЦИЯ: ОБЩЕСТВО»,"Целью статьи является выявление отличительных черт партийно-политического дискурса Королевства Швеция по вопросам нераспространения ядерного оружия и ядерного сдерживания и особенностей его эволюции после 2022 года. В исследовании рассматриваются позиции трех партий: Социал-демократической рабочей партии Швеции (СДРПШ), Умеренной коалиционной партии (УКП) и Шведских демократов (ШД). Выбор партий обусловлен их ключевым положением в Риксдаге, в то время как остальные партии примыкают к СДРПШ и УКП и занимают значительно меньшее число парламентских мест.","This paper aims at identifying the distinctive features of the party-political discourse of the Kingdom of Sweden on nuclear nonproliferation and nuclear deterrence, as well as the specifics of its evolution after 2022. The study focuses on the positions of three parties, namely Socialdemokraterna (SAP), Moderaterna (M), and Sverigedemokraterna (SD). The choice of parties is determined by their key positions in the Riksdag, while the other parties mostly adhere to SAP/M policies as junior partners and hold a significantly smaller number of parliamentary seats.",Швеция||нераспространение||ядерное сдерживание||партийно-политический дискурс||социал-демократы||умеренные||шведские демократы,Sweden||nonproliferation||nuclear deterrence||party-political discourse||Social Democrats||Moderates||Swedish Democrats,conference paper,доклад на конференции,http://purl.org/coar/resource_type/c_5794,Party-political discourse on nuclear nonproliferation and nuclear deterrence in Sweden post 2022,Ядерное измерение партийно-политического дискурса Королевства Швеция после 2022 года,123456789/99999
Кулагина_S76.pdf,Инструментализация нарратива о Зимней войне в официальном дискурсе Швеции (2022–2025 гг.),Instrumentalization of the narrative about the Winter War in the Swedish Official discourse (2022–2025),"Кулагина, Ю. В.","Солдатова, Д. Н.",2026,МГИМО МИД России,ru,978-5-9228-3244-1,"Кулагина Ю. В. Инструментализация нарратива о Зимней войне в официальном дискурсе Швеции (2022–2025 гг.) // Страны Северной Европы и Балтии : общество, культура, язык : материалы II Межвузовской студенческой научно-практической конференции (Москва, МГИМО МИД России, 8 апреля 2026 г.). — Москва : МГИМО МИД России, 2026. — С. 76–77.","Страны Северной Европы и Балтии : общество, культура, язык : материалы II Межвузовской студенческой научно-практической конференции (Москва, МГИМО МИД России, 8 апреля 2026 г.). — Москва : МГИМО МИД России, 2026.",СЕКЦИЯ «ШВЕЦИЯ: ОБЩЕСТВО»,"Статья исследует трансформацию национальной идентичности Швеции через призму концепции мнемонической безопасности. На основе дискурс-анализа официальных документов (2014–2025) выявлен механизм секьюритизации памяти, при котором нарратив о Зимней войне используется для легитимизации антироссийского курса. Демонстрируется, что «присвоение» финского исторического опыта позволяет Стокгольму представить разрыв с традицией неприсоединения как морально оправданный «исторический долг».","The article examines the transformation of Sweden's national identity through the lens of the mnemonic security concept. Based on discourse analysis of official documents (2014– 2025), the author identifies a mechanism of memory securitization, wherein the Winter War narrative is employed to legitimize the anti-Russian course. It is demonstrated that the ""appropriation"" of the Finnish historical experience allows Stockholm to frame its break with the tradition of non-alignment as a morally justified ""historical duty.""",Швеция||Россия||Зимняя война||национальная идентичность||историческая память||мнемоническая безопасность,Sweden||Russia||Winter War||national identity||historical memory||mnemonic security,conference paper,доклад на конференции,http://purl.org/coar/resource_type/c_5794,,,123456789/99999
Татанов_S78.pdf,История возникновения и развитие международного коммерческого арбитража в Швеции,The origin and development of international commercial Arbitration in Sweden,"Татанов, Н. А.","Солдатова, Д. Н.",2026,МГИМО МИД России,ru,978-5-9228-3244-1,"Татанов Н. А. История возникновения и развитие международного коммерческого арбитража в Швеции // Страны Северной Европы и Балтии : общество, культура, язык : материалы II Межвузовской студенческой научно-практической конференции (Москва, МГИМО МИД России, 8 апреля 2026 г.). — Москва : МГИМО МИД России, 2026. — С. 78–81.","Страны Северной Европы и Балтии : общество, культура, язык : материалы II Межвузовской студенческой научно-практической конференции (Москва, МГИМО МИД России, 8 апреля 2026 г.). — Москва : МГИМО МИД России, 2026.",СЕКЦИЯ «ШВЕЦИЯ: ОБЩЕСТВО»,Данное исследование посвящено анализу истории возникновения и развития международного коммерческого арбитража в Швеции. Уделяется внимание истории законодательного регулирования от первых упоминаний в средневековых кодексах до принятия современного законодательства об арбитраже. В исследовании также анализируется историческая роль Швеции в качестве нейтральной арбитражной юрисдикции в период противостояния Востока и Запада.,This research is devoted to the analysis of the origin and development of international commercial arbitration in Sweden. Attention is paid to the history of legislative regulation from the first mentions in medieval codes to the adoption of modern arbitration legislation. The study also analyzes the historical role of Sweden as a neutral arbitral jurisdiction during the period of East-West confrontation.,международный коммерческий арбитраж||Стокгольм||Швеция||Арбитражный институт Торговой палаты Стокгольма,international commercial arbitration||Stockholm||Sweden||the Arbitration Institute of the Stockholm Chamber of Commerce,conference paper,доклад на конференции,http://purl.org/coar/resource_type/c_5794,,,123456789/99999
Вискунов_S82.pdf,Наследование в шведском праве: законодательство и основные институты,Inheritance in Swedish law: Legislation and basic institutions,"Вискунов, Н. А.||Крылов, К. Н.","Солдатова, Д. Н.",2026,МГИМО МИД России,ru,978-5-9228-3244-1,"Вискунов Н. А.; Крылов К. Н. Наследование в шведском праве: законодательство и основные институты // Страны Северной Европы и Балтии : общество, культура, язык : материалы II Межвузовской студенческой научно-практической конференции (Москва, МГИМО МИД России, 8 апреля 2026 г.). — Москва : МГИМО МИД России, 2026. — С. 82–83.","Страны Северной Европы и Балтии : общество, культура, язык : материалы II Межвузовской студенческой научно-практической конференции (Москва, МГИМО МИД России, 8 апреля 2026 г.). — Москва : МГИМО МИД России, 2026.",СЕКЦИЯ «ШВЕЦИЯ: ОБЩЕСТВО»,"Исследование посвящено изучению некоторых особенностей регулирования способов и особенностей наследования в Королевстве Швеция. Особенное внимание уделено таким аспектам, как связь наследственного права с другими отраслями частного права Швеции, способы наследования и очередность наследников при наследовании по закону, общие положения о завещании и регулирование наследственного права иными актами кроме Наследственного кодекса.","This study is devoted to the study of some features of the regulation of methods and features of inheritance in the Kingdom of Sweden. Special attention is paid to such aspects as the relationship of inheritance law with other branches of Swedish private law, methods of inheritance and the order of heirs in inheritance by law, general provisions on probate and the regulation of inheritance law by acts other than the Inheritance Code. Key words: private law, inheritance law, inheritance, Sweden, Scandinavian law SAMBO-ПРАВО: ФЕНОМЕН СОЖИТЕЛЬСТВА В ЗАКОНЕ КОЗЛОВА У. Д. МГИМО МИД России Москва, Россия Аннотация Данное исследование посвящено анализу шведского закона о сожителях как уникального правового феномена, возникшего в ответ на трансформацию семейных отношений в скандинавском обществе. В работе рассматриваются исторические предпосылки принятия закона, его ключевые положения, включая понятие совместного имущества сожителей и механизм раздела при прекращении отношений. Особое внимание уделяется критическому осмыслению ограничений sambo-статуса — отсутствию алиментных обязательств и наследственных прав пережившего партнера — и формированию ложного чувства безопасности у лиц, избравших данную форму совместного проживания.",частное право||наследственное право||наследование||Швеция||скандинавское право,сожительство||Швеция||семейное право||совместное имущество сожителей||раздел имущества||наследственные права||фактический брак||скандинавская правовая модель,conference paper,доклад на конференции,http://purl.org/coar/resource_type/c_5794,,,123456789/99999
Козлова_S84.pdf,Sambo-право: феномен сожительства в законе,Sambo-law: The phenomenon of cohabitation in law,"Козлова, У. Д.","Солдатова, Д. Н.",2026,МГИМО МИД России,ru,978-5-9228-3244-1,"Козлова У. Д. Sambo-право: феномен сожительства в законе // Страны Северной Европы и Балтии : общество, культура, язык : материалы II Межвузовской студенческой научно-практической конференции (Москва, МГИМО МИД России, 8 апреля 2026 г.). — Москва : МГИМО МИД России, 2026. — С. 84–86.","Страны Северной Европы и Балтии : общество, культура, язык : материалы II Межвузовской студенческой научно-практической конференции (Москва, МГИМО МИД России, 8 апреля 2026 г.). — Москва : МГИМО МИД России, 2026.",СЕКЦИЯ «ШВЕЦИЯ: ОБЩЕСТВО»,"Данное исследование посвящено анализу шведского закона о сожителях как уникального правового феномена, возникшего в ответ на трансформацию семейных отношений в скандинавском обществе. В работе рассматриваются исторические предпосылки принятия закона, его ключевые положения, включая понятие совместного имущества сожителей и механизм раздела при прекращении отношений. Особое внимание уделяется критическому осмыслению ограничений sambo-статуса — отсутствию алиментных обязательств и наследственных прав пережившего партнера — и формированию ложного чувства безопасности у лиц, избравших данную форму совместного проживания.","This study is devoted to the analysis of the Swedish cohabitation law as a unique legal phenomenon that arose in response to the transformation of family relations in Scandinavian society. The paper examines the historical background of the adoption of the law, its key provisions, including the concept of cohabiting property and the mechanism of division upon termination of the relationship. Special attention is paid to a critical understanding of the limitations of sambo status - the absence of alimony obligations and inheritance rights of the surviving partner — and the formation of a false sense of security among people who have chosen this form of cohabitation.",сожительство||Швеция||семейное право||совместное имущество сожителей||раздел имущества||наследственные права||фактический брак||скандинавская правовая модель,cohabitation||Sweden||family law||cohabiting property||division of property||inheritance rights||de facto marriage||Scandinavian legal model,conference paper,доклад на конференции,http://purl.org/coar/resource_type/c_5794,,,123456789/99999
Фонарева_S87.pdf,Значения норвежских имен и фамилий,The meanings of Norwegian given names and surnames,"Фонарева, Е. В.||Добрынина, П. В.","Солдатова, Д. Н.",2026,МГИМО МИД России,ru,978-5-9228-3244-1,"Фонарева Е. В.; Добрынина П. В. Значения норвежских имен и фамилий // Страны Северной Европы и Балтии : общество, культура, язык : материалы II Межвузовской студенческой научно-практической конференции (Москва, МГИМО МИД России, 8 апреля 2026 г.). — Москва : МГИМО МИД России, 2026. — С. 87–89.","Страны Северной Европы и Балтии : общество, культура, язык : материалы II Межвузовской студенческой научно-практической конференции (Москва, МГИМО МИД России, 8 апреля 2026 г.). — Москва : МГИМО МИД России, 2026.","СЕКЦИЯ «НОРВЕГИЯ: ОБЩЕСТВО, КУЛЬТУРА, ЯЗЫК»","В докладе рассматривается происхождение и эволюция норвежских имен и фамилий, которые представляющих собой уникальное сочетание исторических традиций, географических особенностей и законодательных изменений. Основное внимание уделяется двум главным источникам формирования фамилий: патронимам (отчествам с суффиксом -sen, означающим «сын такого-то») и топонимам (названиям, восходящим к природным объектам и фермам, таким как Berg, Foss, Dal). Отдельный раздел посвящен современной статистике, демонстрирующей доминирование патронимических фамилий (-sen) в списке самых популярных имен Норвегии. Доклад позволяет понять, каким образом в норвежской антропонимической системе отразились патриархальные традиции и глубокая связь с природным ландшафтом.","The report examines the origin and evolution of Norwegian given names and surnames, which represent a unique blend of historical traditions, geographical features, and legislative changes. The main focus is on the two primary sources of surname formation: patronyms (patronymics with the suffix -sen, meaning ""son of"") and toponyms (names derived from natural features and farms, such as Berg, Foss, Dal). A separate section is devoted to contemporary statistics, demonstrating the dominance of patronymic surnames (-sen) in the list of the most popular names in Norway. The report provides insight into how patriarchal traditions and a deep connection with the natural landscape are reflected in the Norwegian naming system.",патронимы||топонимы||суффикс -sen||отчества||названия ферм||наследуемые фамилии||природа и ландшафт||статистика,Patronymics||toponyms||suffix -sen||patronyms||farm names||hereditary surnames||nature and landscape||statistics,conference paper,доклад на конференции,http://purl.org/coar/resource_type/c_5794,,,123456789/99999
Елисеева_S90.pdf,Норвегия и Россия: две стратегии защиты языка от англицизмов,Norway and Russia: Two strategies of Language protection against anglicisms,"Елисеева, А. М.","Солдатова, Д. Н.",2026,МГИМО МИД России,ru,978-5-9228-3244-1,"Елисеева А. М. Норвегия и Россия: две стратегии защиты языка от англицизмов // Страны Северной Европы и Балтии : общество, культура, язык : материалы II Межвузовской студенческой научно-практической конференции (Москва, МГИМО МИД России, 8 апреля 2026 г.). — Москва : МГИМО МИД России, 2026. — С. 90–92.","Страны Северной Европы и Балтии : общество, культура, язык : материалы II Межвузовской студенческой научно-практической конференции (Москва, МГИМО МИД России, 8 апреля 2026 г.). — Москва : МГИМО МИД России, 2026.","СЕКЦИЯ «НОРВЕГИЯ: ОБЩЕСТВО, КУЛЬТУРА, ЯЗЫК»","Данное исследование посвящено сравнительному анализу двух моделей языковой политики, направленных на ограничение англицизмов. В центре внимания – деятельность Норвежского языкового совета (Språkrådet) по созданию слов-заменителей, а также положения российского Федерального закона № 168-ФЗ, вступившего в силу в 2026 году. Эмпирические данные показывают, что в Норвегии 87% новых заимствований в СМИ и почти 90% научных публикаций приходятся на английский язык, что создает риск «доминантного ущерба». В России ключевым импульсом стала историческая традиция борьбы с заимствованиями и реакция на их избыток в 1990-2000-е годы. В работе выявляются ключевые различия: рекомендательная модель «мягкой силы» в Норвегии и законодательное регулирование в России.","This study offers a comparative analysis of two language policy models aimed at restricting anglicisms. The focus is on the activities of the Language Council of Norway (Språkrådet) in creating substitute words, as well as the provisions of Russian Federal Law No. 168-FZ, which comes into force in 2026. Empirical data show that 87% of new borrowings in Norwegian media and almost 90% of scientific publications are in English, creating a risk of domain loss. In Russia, the key impetus has been a long historical tradition of fighting borrowings and a reaction to their oversaturation in the 1990s–2000s. The paper identifies fundamental differences: Norway’s “soft power” recommendatory model versus Russia’s legislative regulation with fines.",языковой пуризм||англицизмы||Норвегия||Språkrådet||Федеральный закон № 168-ФЗ||языковая политика||доминантный ущерб||сравнительный анализ,language purism||anglicisms||Norway||Språkrådet||Federal Law No. 168-FZ||language policy||domain loss||comparative analysis,conference paper,доклад на конференции,http://purl.org/coar/resource_type/c_5794,,,123456789/99999
Барденкова_S93.pdf,«Koselig» как элемент национальной идентичности Норвегии: от философии уюта к интерьерным решениям,"""Koselig"" as an element of national identity in Norway: From the philosophy of cozy to interior design","Барденкова, П. А.","Солдатова, Д. Н.",2026,МГИМО МИД России,ru,978-5-9228-3244-1,"Барденкова П. А. «Koselig» как элемент национальной идентичности Норвегии: от философии уюта к интерьерным решениям // Страны Северной Европы и Балтии : общество, культура, язык : материалы II Межвузовской студенческой научно-практической конференции (Москва, МГИМО МИД России, 8 апреля 2026 г.). — Москва : МГИМО МИД России, 2026. — С. 93–94.","Страны Северной Европы и Балтии : общество, культура, язык : материалы II Межвузовской студенческой научно-практической конференции (Москва, МГИМО МИД России, 8 апреля 2026 г.). — Москва : МГИМО МИД России, 2026.","СЕКЦИЯ «НОРВЕГИЯ: ОБЩЕСТВО, КУЛЬТУРА, ЯЗЫК»","Статья посвящена исследованию норвежского концепта «koselig», рассматриваемого в качестве значимого элемента национальной идентичности и эффективного средства формирования комфортной среды обитания. Анализируется процесс трансформации философии уюта, обусловленной суровыми климатическими условиями, в устойчивые практики интерьерных решений. В результате исследования выявляется специфика норвежского подхода, который предстает не как объект коммерческого продвижения, а как самобытная культурная философия, во многом определяющая высокое качество жизни.","This article explores the Norwegian concept of ""koselig"" as a significant element of national identity and an effective means of creating a comfortable living environment. The article analyzes the process of transforming the philosophy of coziness, which is influenced by harsh climatic conditions, into sustainable practices of interior design. The study reveals the specific features of the Norwegian approach, which is not just a commercial promotion, but a unique cultural philosophy that contributes to a high quality of life.",koselig||Норвегия||национальная идентичность||интерьер||культура||философия,koselig||Norway||national identity||interior design||culture||philosophy,conference paper,доклад на конференции,http://purl.org/coar/resource_type/c_5794,,,123456789/99999
Баркова_S95.pdf,Феномен «золотого века» норвежского кино: причины мирового признания,The phenomenon of the «golden age» of Norwegian cinema: Reasons for global recognition,"Баркова, М. В.","Солдатова, Д. Н.",2026,МГИМО МИД России,ru,978-5-9228-3244-1,"Баркова М. В. Феномен «золотого века» норвежского кино: причины мирового признания // Страны Северной Европы и Балтии : общество, культура, язык : материалы II Межвузовской студенческой научно-практической конференции (Москва, МГИМО МИД России, 8 апреля 2026 г.). — Москва : МГИМО МИД России, 2026. — С. 95–97.","Страны Северной Европы и Балтии : общество, культура, язык : материалы II Межвузовской студенческой научно-практической конференции (Москва, МГИМО МИД России, 8 апреля 2026 г.). — Москва : МГИМО МИД России, 2026.","СЕКЦИЯ «НОРВЕГИЯ: ОБЩЕСТВО, КУЛЬТУРА, ЯЗЫК»","В статье рассматривается феномен успеха кинематографа страны фьордов, который наиболее ярко проявляется в 20-е годы XXI века. Освещаются важные события из истории развития кино в регионе, включая процессы, напрямую повлиявшие на становление уникального норвежского кинообраза. Проведен анализ отдельных фильмов, которые особенно отличились успехом на международных кинофестивалях. Систематизированы общие черты и закономерности в этих картинах, что свидетельствует о формировании скандинавской киношколы. Освещаются релевантные проблемы индустрии в Норвегии, а также последние тенденции, которые могут заложить основы продвижения национального кинематографа на мировой рынок и восприятия кино страны фьордов как потенциальной «мягкой силы» государства.","The article examines the phenomenon of the cinematographic success of the “land of fjords”, which is most vividly expressed in the 2020s of the 21st century. It covers important events in the history of film development in the region, including the identification of processes that directly influenced the formation of the unique Norwegian film identity. An analysis of selected films that have been particularly successful at international film festivals is carried out. Common features in films are systematized as a consequence of the formation of the Scandinavian film school. The article also highlights relevant problems of the industry in Norway, as well as recent trends that may provide the basis for the integration of national art into global audiences and for perceiving of the Norwegian cinema as a potential ""soft power"" of the state.",норвежское кино||«золотой век»||кинематограф Скандинавии||скандинавская киношкола||авторское кино||психологический реализм,"Norwegian cinema||""golden age""||Scandinavian cinema||Scandinavian film school||auteur cinema||psychological realism",conference paper,доклад на конференции,http://purl.org/coar/resource_type/c_5794,,,123456789/99999
Васюкова_S98.pdf,Культурная политика Норвегии на международной арене: национальный образ через Евровидение (2023-2025),Norway's cultural policy in the international arena: National image through the Eurovision (2023-2025),"Васюкова, А. А.","Солдатова, Д. Н.",2026,МГИМО МИД России,ru,978-5-9228-3244-1,"Васюкова А. А. Культурная политика Норвегии на международной арене: национальный образ через Евровидение (2023-2025) // Страны Северной Европы и Балтии : общество, культура, язык : материалы II Межвузовской студенческой научно-практической конференции (Москва, МГИМО МИД России, 8 апреля 2026 г.). — Москва : МГИМО МИД России, 2026. — С. 98–99.","Страны Северной Европы и Балтии : общество, культура, язык : материалы II Межвузовской студенческой научно-практической конференции (Москва, МГИМО МИД России, 8 апреля 2026 г.). — Москва : МГИМО МИД России, 2026.","СЕКЦИЯ «НОРВЕГИЯ: ОБЩЕСТВО, КУЛЬТУРА, ЯЗЫК»","Исследование посвящено анализу выступлений Норвегии на песенном конкурсе «Евровидение», как инструменту культурной дипломатии для трансляции национального образа на мировой арене. В статье рассматривается, как традиционные смыслы адаптируются к универсальному языку поп-культуры для эффективного международного диалога.",The study is devoted to the analysis of Norway's performances at the Eurovision Song Contest as a tool of cultural diplomacy for broadcasting the national image on the world stage. The article examines how traditional meanings adapt to the universal language of pop culture for effective international dialogue.,Евровидение||Норвегия||мягкая сила||культурная дипломатия||национальная идентичность,Eurovision||Norway||soft power||cultural diplomacy||national identity,conference paper,доклад на конференции,http://purl.org/coar/resource_type/c_5794,,,123456789/99999
Сырцев_S100.pdf,Проявления витальности в проектах норвежского архитектурного бюро «Snøhetta»,Manifestations of vitality in the projects of the Norwegian architecture firm Snøhetta,"Сырцев, Н. А.","Солдатова, Д. Н.",2026,МГИМО МИД России,ru,978-5-9228-3244-1,"Сырцев Н. А. Проявления витальности в проектах норвежского архитектурного бюро «Snøhetta» // Страны Северной Европы и Балтии : общество, культура, язык : материалы II Межвузовской студенческой научно-практической конференции (Москва, МГИМО МИД России, 8 апреля 2026 г.). — Москва : МГИМО МИД России, 2026. — С. 100–102.","Страны Северной Европы и Балтии : общество, культура, язык : материалы II Межвузовской студенческой научно-практической конференции (Москва, МГИМО МИД России, 8 апреля 2026 г.). — Москва : МГИМО МИД России, 2026.","СЕКЦИЯ «НОРВЕГИЯ: ОБЩЕСТВО, КУЛЬТУРА, ЯЗЫК»","Настоящее исследование посвящено изучению витальности городской среды на примере норвежской архитектуры. Рассматриваются основные принципы витальности, особое внимание уделено проявлению витализма в проектах архитектурного бюро Snøhetta.","The present study focuses on the examination of urban vitality using Norwegian architecture as a case study. It considers the main principles of vitality, with particular attention paid to the manifestations of vitalism in the projects of the architecture firm Snøhetta.",архитектура||дизайн||витализм||Норвегия||городская среда||Snøhetta,architecture||design||vitalism||Norway||urban environment||Snøhetta,conference paper,доклад на конференции,http://purl.org/coar/resource_type/c_5794,,,123456789/99999
Куц_S103.pdf,Сигрид Унсет: на стыке эпох — от психологической прозы к средневековому эпосу,Sigrid Undset: At the crossroads of epochs - from psychological prose to medieval epic,"Куц, М. Д.","Солдатова, Д. Н.",2026,МГИМО МИД России,ru,978-5-9228-3244-1,"Куц М. Д. Сигрид Унсет: на стыке эпох — от психологической прозы к средневековому эпосу // Страны Северной Европы и Балтии : общество, культура, язык : материалы II Межвузовской студенческой научно-практической конференции (Москва, МГИМО МИД России, 8 апреля 2026 г.). — Москва : МГИМО МИД России, 2026. — С. 103–105.","Страны Северной Европы и Балтии : общество, культура, язык : материалы II Межвузовской студенческой научно-практической конференции (Москва, МГИМО МИД России, 8 апреля 2026 г.). — Москва : МГИМО МИД России, 2026.","СЕКЦИЯ «НОРВЕГИЯ: ОБЩЕСТВО, КУЛЬТУРА, ЯЗЫК»","Статья посвящена творчеству норвежской писательницы Сигрид Унсет, лауреата Нобелевской премии по литературе 1928 года. В работе анализируется эволюция её художественного метода - от ранних реалистических романов о судьбе женщины XX века к монументальной исторической трилогии «Кристин, дочь Лавранса». Особенное внимание уделено тому, как через реконструкцию норвежского Средневековья в рамках данной трилогии Унсет осмысляет вечные проблемы свободы выбора, долга, веры, сохраняющие актуальность и в XXI веке.","The article examines the work of the Norwegian writer Sigrid Undset, winner of the 1928 Nobel Prize in Literature. The article analyzes the evolution of her artistic method - from her early realistic novels about the fate of women in the 20th century to the monumental historical trilogy Kristin Lavransdatter. Special attention is paid to how, through the reconstruction of the Norwegian Middle Ages within this trilogy, Undset reflects on the eternal problems of free choice, duty, and faith, which remain relevant in the 21st century.",Сигрид Унсет||норвежская литература||исторический роман||«Кристин||дочь Лавранса»||средневековье||психологизм||Нобелевская премия||женские образы в литературе,Sigrid Undset||Norwegian literature||historical novel||Kristin Lavransdatter||Middle Ages||psychologism||Nobel Prize||female characters in literature,conference paper,доклад на конференции,http://purl.org/coar/resource_type/c_5794,,,123456789/99999
Острянинова_S106.pdf,Сравнение положения Норвегии в униях с Данией и Швецией в XIV–XX веках,Comparison of Norway’s position in unions with Denmark and Sweden from the fourteenth to the twentieth centuries,"Острянинова, Т. Д.","Солдатова, Д. Н.",2026,МГИМО МИД России,ru,978-5-9228-3244-1,"Острянинова Т. Д. Сравнение положения Норвегии в униях с Данией и Швецией в XIV–XX веках // Страны Северной Европы и Балтии : общество, культура, язык : материалы II Межвузовской студенческой научно-практической конференции (Москва, МГИМО МИД России, 8 апреля 2026 г.). — Москва : МГИМО МИД России, 2026. — С. 106–107.","Страны Северной Европы и Балтии : общество, культура, язык : материалы II Межвузовской студенческой научно-практической конференции (Москва, МГИМО МИД России, 8 апреля 2026 г.). — Москва : МГИМО МИД России, 2026.","СЕКЦИЯ «НОРВЕГИЯ: ОБЩЕСТВО, КУЛЬТУРА, ЯЗЫК»","Настоящее исследование посвящено сравнению особенностей исторического положения Норвегии в униях с Данией и Швецией. Ключевое внимание уделяется эволюции страны от равноправного члена тройного союза к подчиненному положению и последующему обретению национального самосознания, идентичности и независимости. Особый интерес представляют методы и инструменты, которые применялись по отношению к датской, а затем и шведской Норвегии для продвижения последними собственных экономических и социокультурных интересов. Показано, что утрата политической самостоятельности Норвегии проявлялась по-разному в зависимости от господствующей страны.","This study is devoted to comparing the features of Norway’s historical position in unions with Denmark and Sweden. Key attention is paid to the country’s evolution from an equal member of the triple alliance to a subordinate status and the subsequent acquisition of national consciousness, identity, and independence. Of particular interest are the methods and instruments used towards Danish and later Swedish Norway to promote their own economic and socio-cultural interests. The loss of Norway’s political independence manifested itself differently depending on the dominant country, which will be discussed further.",Норвегия||Швеция||Дания||население||религиозный фактор||положение||автономия||независимость||король,Norway||Sweden||Denmark||population||religious factor||position||autonomy||independence||king,conference paper,доклад на конференции,http://purl.org/coar/resource_type/c_5794,,,123456789/99999
Масленникова_S108.pdf,Баренцево сотрудничество в оценках региональной прессы Северной Норвегии (1992-1993 гг.),Barents cooperation in the regional Press of Northern Norway (1992–,"Масленникова, А. И.","Солдатова, Д. Н.",2026,МГИМО МИД России,ru,978-5-9228-3244-1,"Масленникова А. И. Баренцево сотрудничество в оценках региональной прессы Северной Норвегии (1992-1993 гг.) // Страны Северной Европы и Балтии : общество, культура, язык : материалы II Межвузовской студенческой научно-практической конференции (Москва, МГИМО МИД России, 8 апреля 2026 г.). — Москва : МГИМО МИД России, 2026. — С. 108–110.","Страны Северной Европы и Балтии : общество, культура, язык : материалы II Межвузовской студенческой научно-практической конференции (Москва, МГИМО МИД России, 8 апреля 2026 г.). — Москва : МГИМО МИД России, 2026.","СЕКЦИЯ «НОРВЕГИЯ: ОБЩЕСТВО, КУЛЬТУРА, ЯЗЫК»","В исследовании анализируется репрезентация Баренцева сотрудничества в региональной прессе Северной Норвегии в 1992–1993 гг., в период формирования новой модели трансграничного взаимодействия после распада СССР. На основе материалов региональных изданий рассматриваются оценки инициатив сотрудничества, а также особенности конструирования образа России как регионального партнёра.","This study analyzes the representation of Barents cooperation in the regional press of Northern Norway in 1992–1993, during the formation of a new model of cross-border interaction following the collapse of the USSR. Based on materials from regional newspapers, the article examines perceptions of cooperation initiatives and the construction of Russia’s image as a regional partner.",Баренцево сотрудничество||Северная Норвегия||региональная пресса||образ России||трансграничное взаимодействие,Barents cooperation||Northern Norway||regional press||image of Russia||cross-border cooperation,conference paper,доклад на конференции,http://purl.org/coar/resource_type/c_5794,,,123456789/99999
Евпак_S111.pdf,Современное положение саамов в Норвегии: политика признания и ее противоречия,The contemporary status of the Sámi in Norway: Recognition policy and its contradictions,"Евпак, А. И.","Солдатова, Д. Н.",2026,МГИМО МИД России,ru,978-5-9228-3244-1,"Евпак А. И. Современное положение саамов в Норвегии: политика признания и ее противоречия // Страны Северной Европы и Балтии : общество, культура, язык : материалы II Межвузовской студенческой научно-практической конференции (Москва, МГИМО МИД России, 8 апреля 2026 г.). — Москва : МГИМО МИД России, 2026. — С. 111–112.","Страны Северной Европы и Балтии : общество, культура, язык : материалы II Межвузовской студенческой научно-практической конференции (Москва, МГИМО МИД России, 8 апреля 2026 г.). — Москва : МГИМО МИД России, 2026.","СЕКЦИЯ «НОРВЕГИЯ: ОБЩЕСТВО, КУЛЬТУРА, ЯЗЫК»",Исследование посвящено анализу положения коренного народа саамов в Норвегии после периода норвегизации до конституционного закрепления прав. Основное внимание уделено системным противоречиям между декларируемыми обязательствами государства и их практическим воплощением. Затрагиваются также вопросы коммерциализации культурного наследия саамов и злоупотреблений механизмами государственной поддержки.,The study analyses the position of the Sámi indigenous people in Norway from the period of Norwegianisation to the constitutional entrenchment of their rights. The central focus is on systemic contradictions between the state's declared obligations and their practical implementation. The article also addresses issues of Sámi cultural heritage commercialisation and the misuse of state support mechanisms.,саамы||права коренных народов||Норвегия||политика признания||норвегизация,Sámi||indigenous rights||Norway||recognition policy||Sámi Parliament||Norwegianisation,conference paper,доклад на конференции,http://purl.org/coar/resource_type/c_5794,,,123456789/99999
Тюбин_S113.pdf,"Новая арктическая стратегия Норвегии (2025) и ее значение для развития норвежских арктических территорий (Финнмарк, тромсë)","New Arctic strategy of Norway (2025) and its significance for The development of Norwegian Arctic territories (Finnmark, Tromsø)","Тюбин, Н. С.","Солдатова, Д. Н.",2026,МГИМО МИД России,ru,978-5-9228-3244-1,"Тюбин Н. С. Новая арктическая стратегия Норвегии (2025) и ее значение для развития норвежских арктических территорий (Финнмарк, тромсë) // Страны Северной Европы и Балтии : общество, культура, язык : материалы II Межвузовской студенческой научно-практической конференции (Москва, МГИМО МИД России, 8 апреля 2026 г.). — Москва : МГИМО МИД России, 2026. — С. 113–114.","Страны Северной Европы и Балтии : общество, культура, язык : материалы II Межвузовской студенческой научно-практической конференции (Москва, МГИМО МИД России, 8 апреля 2026 г.). — Москва : МГИМО МИД России, 2026.","СЕКЦИЯ «НОРВЕГИЯ: ОБЩЕСТВО, КУЛЬТУРА, ЯЗЫК»","Настоящая работа посвящена анализу новой арктической стратегии Норвегии, представленной 26 августа 2025 года. Акцентируется внимание на нововведениях в вопросах развития норвежских северных территорий (фюльке Финнмарк и Тромсё). В работе сравниваются дейтвующая арктическая стратегия и стратегия 2017 года, выделяются особенности и нововведения в новой арктической стратегии.","The present paper is devoted to the analysis of Norway’s new Arctic strategy, presented on 26 August 2025. It focuses on the innovations in the development of Norway’s northern territories (the counties of Finnmark and Tromsø). The paper compares the current Arctic strategy with the 2017 strategy and identifies the key features and novelties of the new Arctic strategy.",Норвегия||Арктика||региональная политика||урбанизация арктических территорий||Финнмарк||Тромсё,Norway||Arctic||regional policy||urbanization of Arctic territories||Finnmark||Tromsø,conference paper,доклад на конференции,http://purl.org/coar/resource_type/c_5794,,,123456789/99999
Захаров_S115.pdf,Современное норвежско-британское военное сотрудничество в рамках североатлантического альянса,Modern military cooperation between the United Kingdom and the Kingdom of Norway under North Atlantic Treaty Organization,"Захаров, А. В.","Солдатова, Д. Н.",2026,МГИМО МИД России,ru,978-5-9228-3244-1,"Захаров А. В. Современное норвежско-британское военное сотрудничество в рамках североатлантического альянса // Страны Северной Европы и Балтии : общество, культура, язык : материалы II Межвузовской студенческой научно-практической конференции (Москва, МГИМО МИД России, 8 апреля 2026 г.). — Москва : МГИМО МИД России, 2026. — С. 115–116.","Страны Северной Европы и Балтии : общество, культура, язык : материалы II Межвузовской студенческой научно-практической конференции (Москва, МГИМО МИД России, 8 апреля 2026 г.). — Москва : МГИМО МИД России, 2026.","СЕКЦИЯ «НОРВЕГИЯ: ОБЩЕСТВО, КУЛЬТУРА, ЯЗЫК»","Настоящее исследование посвящено сотрудничеству в военной сфере между Королевством Норвегия и Соединенным Королевством, функционирующими в рамках Организации Договора о Северной Атлантике. В исследовании рассмотрена динамика военного сотрудничества между государствами в новейшее время, проанализированы примеры взаимодействия, планы развития на будущее, а также перспективы милитаризации арктического региона и особенности восприятия его военной значимости. Особое внимание уделено отношениям с Россией как фактору углубления военной интеграции и сращивания систем вооруженных сил государств.","This study examines military cooperation between the Kingdom of Norway and the United Kingdom within the framework of the North Atlantic Treaty Organization. It analyzes the recent dynamics of military cooperation between the two states, including examples of interaction, future development plans, as well as the prospects for the militarization of the Arctic region and perceptions of its strategic military significance. Particular attention is paid to relations with Russia as a factor driving the integration of the states’ armed forces systems.",Норвегия||Великобритания||НАТО||Россия||военная интеграция||милитаризация Арктики,Norway||United Kingdom||NATO||Russia||military integration||militarization of the Arctic,conference paper,доклад на конференции,http://purl.org/coar/resource_type/c_5794,,,123456789/99999
Бурчак_S117.pdf,Социально-политические настроения в современной Финляндии,Socio-political attitudes in modern Finland,"Бурчак, С. А.","Солдатова, Д. Н.",2026,МГИМО МИД России,ru,978-5-9228-3244-1,"Бурчак С. А. Социально-политические настроения в современной Финляндии // Страны Северной Европы и Балтии : общество, культура, язык : материалы II Межвузовской студенческой научно-практической конференции (Москва, МГИМО МИД России, 8 апреля 2026 г.). — Москва : МГИМО МИД России, 2026. — С. 117–119.","Страны Северной Европы и Балтии : общество, культура, язык : материалы II Межвузовской студенческой научно-практической конференции (Москва, МГИМО МИД России, 8 апреля 2026 г.). — Москва : МГИМО МИД России, 2026.","СЕКЦИЯ «ФИНЛЯНДИЯ И ЭСТОНИЯ: ОБЩЕСТВО, КУЛЬТУРА, ЯЗЫК»","Данное исследование посвящено изучению меняющегося настроения в современной Финляндии. Оно затрагивает вопросы экономики и внешней политики после вступления в НАТО и разрыва отношений с Россией. Главная цель статьи - определить на основе опросов населения, как изменения во внешней политике и экономические проблемы влияют на общественное мнение.","This study focuses on the changing attitudes in modern Finland regarding the economy and foreign policy after joining NATO and breaking off relations with Russia. The main goal of the article is to determine, based on public opinion surveys, how changes in foreign policy and economic issues affect public opinion.",внешняя политика||общественные настроения||экономика||опрос||Финляндия||НАТО||внутриполитическая конкуренция||Россия,foreign policy||public sentiment||economy||survey||Finland||NATO||domestic political competition||Russian Federation,conference paper,доклад на конференции,http://purl.org/coar/resource_type/c_5794,,,123456789/99999
Лутковская_S120.pdf,Депопуляция восточных регионов: Нарва и приграничные города Финляндии в новой геополитической реальности,Depopulation of the Eastern regions: Narva and the Finnish border towns in the new geopolitical reality,"Лутковская, Е. Ю.||Вихнин, А. В.","Солдатова, Д. Н.",2026,МГИМО МИД России,ru,978-5-9228-3244-1,"Лутковская Е. Ю.; Вихнин А. В. Депопуляция восточных регионов: Нарва и приграничные города Финляндии в новой геополитической реальности // Страны Северной Европы и Балтии : общество, культура, язык : материалы II Межвузовской студенческой научно-практической конференции (Москва, МГИМО МИД России, 8 апреля 2026 г.). — Москва : МГИМО МИД России, 2026. — С. 120–122.","Страны Северной Европы и Балтии : общество, культура, язык : материалы II Межвузовской студенческой научно-практической конференции (Москва, МГИМО МИД России, 8 апреля 2026 г.). — Москва : МГИМО МИД России, 2026.","СЕКЦИЯ «ФИНЛЯНДИЯ И ЭСТОНИЯ: ОБЩЕСТВО, КУЛЬТУРА, ЯЗЫК»","В статье рассматривается проблема критического оттока населения из восточных приграничных регионов Европейского Союза на примере эстонского города Нарва и городов Восточной Финляндии. Анализируются статистические данные за период 1990-2025 гг., выявляются ключевые факторы депопуляции, включая экономический спад, геополитические изменения и разрыв традиционных связей с Российской Федерацией. На основе официальных источников Эстонии и Финляндии делаются выводы о долгосрочных последствиях демографического кризиса для приграничных территорий.","The article examines the critical outflow of population from the eastern border regions of the European Union, focusing on the Estonian city of Narva and the towns of Eastern Finland as case studies. Statistical data for the period 1990–2025 are analyzed to identify key factors of depopulation, including economic decline, geopolitical changes, and the severance of traditional ties with the Russian Federation. Special attention is paid to the transformation of everyday life in cities finding themselves in a new reality after 2022. Based on official sources from Estonia and Finland, conclusions are drawn regarding the long-term consequences of the demographic crisis for border territories.",депопуляция||Нарва||Восточная Финляндия||приграничные регионы||миграция||геополитические изменения||демографический кризис,depopulation||Narva||Eastern Finland||border regions||migration||geopolitical changes||demographic crisis,conference paper,доклад на конференции,http://purl.org/coar/resource_type/c_5794,,,123456789/99999
Богосян_S123.pdf,Переговоры СССР и Финляндии перед Зимней войной: миссия Ярцева,The USSR-Finland negotiations before The Winter War: The Yartsev mission,"Богосян, Н. В.","Солдатова, Д. Н.",2026,МГИМО МИД России,ru,978-5-9228-3244-1,"Богосян Н. В. Переговоры СССР и Финляндии перед Зимней войной: миссия Ярцева // Страны Северной Европы и Балтии : общество, культура, язык : материалы II Межвузовской студенческой научно-практической конференции (Москва, МГИМО МИД России, 8 апреля 2026 г.). — Москва : МГИМО МИД России, 2026. — С. 123–124.","Страны Северной Европы и Балтии : общество, культура, язык : материалы II Межвузовской студенческой научно-практической конференции (Москва, МГИМО МИД России, 8 апреля 2026 г.). — Москва : МГИМО МИД России, 2026.","СЕКЦИЯ «ФИНЛЯНДИЯ И ЭСТОНИЯ: ОБЩЕСТВО, КУЛЬТУРА, ЯЗЫК»","В статье анализируется ключевой, но долгое время остававшийся в тени этап советско-финляндских отношений накануне Второй мировой войны — секретная дипломатическая миссия Бориса Ярцева (Рыбкина) в 1938–1939 годах. Работа посвящена исследованию попыток советского руководства обеспечить безопасность северо-западных границ СССР и Ленинграда через каналы негласной дипломатии. В центре внимания находятся содержание советских предложений по территориальному обмену и военному сотрудничеству, а также ответная реакция финского правительства, выбравшего курс на сохранение строгого нейтралитета. Автор выявляет причины провала миссии и обосновывает тезис о том, что неудача этих секретных переговоров стала важным фактором, предопределившим переход СССР к силовым методам решения территориального спора и начало Зимней войны.","The article analyses a key yet long-overlooked stage in Soviet–Finnish relations on the eve of the Second World War, namely the secret diplomatic mission of Boris Yartsev (Rybkin) in 1938–1939. The study focuses on the Soviet leadership’s attempts to ensure the security of the northwestern borders of the USSR and of Leningrad through channels of back‑channel diplomacy. Particular attention is paid to the content of the Soviet proposals on territorial exchange and military cooperation, as well as to the response of the Finnish government, which opted for a course of strict neutrality. The author identifies the reasons for the failure of the mission and argues that the collapse of these secret negotiations became an important factor that predetermined the USSR’s transition to the use of force in resolving the territorial dispute and the outbreak of the Winter War.",Борис Ярцев||советско-финляндские отношения||Зимняя война||секретная дипломатия||международные отношения накануне Второй мировой войны,Boris Yartsev||Soviet–Finnish relations||Winter War||secret diplomacy||international relations on the eve of the Second World War,conference paper,доклад на конференции,http://purl.org/coar/resource_type/c_5794,,,123456789/99999
Неккер_S125.pdf,Институциональные механизмы и стратегии в процессе достижения гендерного паритета в Финляндии (конец XX – начало XXI В.),Institutional mechanisms and strategies in The process of achieving Gender parity in Finland (late 20th – early 21st century),"Неккер, М. Д.","Солдатова, Д. Н.",2026,МГИМО МИД России,ru,978-5-9228-3244-1,"Неккер М. Д. Институциональные механизмы и стратегии в процессе достижения гендерного паритета в Финляндии (конец XX – начало XXI В.) // Страны Северной Европы и Балтии : общество, культура, язык : материалы II Межвузовской студенческой научно-практической конференции (Москва, МГИМО МИД России, 8 апреля 2026 г.). — Москва : МГИМО МИД России, 2026. — С. 125–128.","Страны Северной Европы и Балтии : общество, культура, язык : материалы II Межвузовской студенческой научно-практической конференции (Москва, МГИМО МИД России, 8 апреля 2026 г.). — Москва : МГИМО МИД России, 2026.","СЕКЦИЯ «ФИНЛЯНДИЯ И ЭСТОНИЯ: ОБЩЕСТВО, КУЛЬТУРА, ЯЗЫК»","В статье анализируется опыт Финляндии как лидирующей страны в области гендерного паритета. Рассматривается эволюция институциональных механизмов: Закон о равенстве 1986/1995 гг. с системой 40-процентных квот для назначаемых органов, деятельность Совета по вопросам равенства и института омбудсмена. Особое внимание уделено роли женских секций в политических партиях, включая исторический пример Мийны Силланпяя (первой женщины-министра в Европе, 1926 г.). Статья демонстрирует, что политический паритет (47% мест в парламенте к 2019 г.) не влияет автоматически на равенство оплаты труда, в то время как разрыв в заработной плате достигает 16% (данные Ammattiliitto Pro, 2026 г.). Отдельно анализируются скрытые формы сопротивления квотам на местном уровне («забывание», поиск лазеек, перенос ответственности») и феномен «стеклянного колпака» (феномен, описывающий, как действия женщин в профессиях находятся под постоянным контролем).","The article analyzes the experience of Finland as a leading country in the field of gender parity. It examines the evolution of institutional mechanisms: the 1986/1995 Equality Act with its system of 40 percent quotas for appointed bodies, the activities of the Council for Gender Equality, and the institution of the Ombudsman. Special attention is paid to the role of women's sections in political parties, including the historical example of Miina Sillanpää (the first female minister in Europe, 1926). The article demonstrates that political parity (47 percent of parliamentary seats by 2019) does not automatically affect pay equality, while the gender pay gap reaches 16 percent (data from Ammattiliitto Pro, 2026). It also analyzes hidden forms of resistance to quotas at the local level (""forgetting"", loophole seeking, responsibility shifting) and the phenomenon of ""glass casing"" (a phenomenon describing how women's actions in professions are subject to constant scrutiny).",Финляндия||гендерный паритет||квоты||институциональные механизмы||женское движение||разрыв в оплате труда||гендерные стереотипы,Finland||gender parity||quotas||institutional mechanisms||women's movement||gender pay gap||glass casing,conference paper,доклад на конференции,http://purl.org/coar/resource_type/c_5794,,,123456789/99999
Секизян_S129.pdf,Трехсторонние договоры и политика доходов,Tripartite agreements and incomes policy,"Секизян, В. А.","Солдатова, Д. Н.",2026,МГИМО МИД России,ru,978-5-9228-3244-1,"Секизян В. А. Трехсторонние договоры и политика доходов // Страны Северной Европы и Балтии : общество, культура, язык : материалы II Межвузовской студенческой научно-практической конференции (Москва, МГИМО МИД России, 8 апреля 2026 г.). — Москва : МГИМО МИД России, 2026. — С. 129–130.","Страны Северной Европы и Балтии : общество, культура, язык : материалы II Межвузовской студенческой научно-практической конференции (Москва, МГИМО МИД России, 8 апреля 2026 г.). — Москва : МГИМО МИД России, 2026.","СЕКЦИЯ «ФИНЛЯНДИЯ И ЭСТОНИЯ: ОБЩЕСТВО, КУЛЬТУРА, ЯЗЫК»","В Финляндии существовала уникальная система трудовой борьбы, которая была обрамлена в четкую институционализированную систему в форме регулярных переговоров. В переговорном процессе помимо представителей профессиональных союзов и ассоциаций работодателей также присутствовали государственные посредники. Кроме того, соглашения, заключавшиеся в результате переговоров, имели всеобъемлющий характер и не только регулировали обязательства предпринимателей и сотрудников, но и со относились с государственной политикой в той или иной сфере. Однако, вследствие кардинальных изменений системы государства всеобщего благосостояния в Финляндии, практика заключения трехсторонних договоров сошла на нет.","Finland had a unique system of labor relations, which was embedded in a clearly institutionalized framework in the form of regular negotiations. In addition to representatives of trade unions and employer associations, the negotiation process also included state mediators. Furthermore, the agreements resulting from these negotiations were comprehensive in nature, regulating not only the obligations of employers and employees but also aligning with state policy in various sectors. However, due to fundamental changes in Finland's welfare state system, the practice of concluding tripartite agreements has ceased.",трехсторонние коллективный договоры||политика доходов||профессиональный союз||ассоциация работодателей||государство всеобщего благосостояния Финляндии,tripartite collective agreements||incomes policy||trade union||employer association||Finnish welfare state,conference paper,доклад на конференции,http://purl.org/coar/resource_type/c_5794,,,123456789/99999
Юрусов_S131.pdf,Калевала как ресурс публичной дипломатии Финляндии,Kalevala as a resource of Finland's public diplomacy,"Юрусов, Е. Е.","Солдатова, Д. Н.",2026,МГИМО МИД России,ru,978-5-9228-3244-1,"Юрусов Е. Е. Калевала как ресурс публичной дипломатии Финляндии // Страны Северной Европы и Балтии : общество, культура, язык : материалы II Межвузовской студенческой научно-практической конференции (Москва, МГИМО МИД России, 8 апреля 2026 г.). — Москва : МГИМО МИД России, 2026. — С. 131–132.","Страны Северной Европы и Балтии : общество, культура, язык : материалы II Межвузовской студенческой научно-практической конференции (Москва, МГИМО МИД России, 8 апреля 2026 г.). — Москва : МГИМО МИД России, 2026.","СЕКЦИЯ «ФИНЛЯНДИЯ И ЭСТОНИЯ: ОБЩЕСТВО, КУЛЬТУРА, ЯЗЫК»","В работе рассматривается использование эпоса «Калевала» как инструмента публичной дипломатии Финляндии. Автор показывает, что благодаря работе дипломатов и культурных институтов эпос включается в продвижение положительного образа страны. Смысловыми сюжетами становятся культурное наследие, национальная идентичность и принадлежность Финляндии к общеевропейскому культурному пространству. Делается вывод, что «Калевала» выступает национальным символом и одновременно универсализированным ресурсом мягкой силы Финляндии.","The article examines the Kalevala as a resource of Finland’s public diplomacy. Diplomatic missions and cultural institutions use the work in country image-building by emphasizing heritage, national identity and Finland’s belonging to the wider European cultural space. The Kalevala is therefore presented not only as a national symbol, but also as a universalized soft-power asset.",Калевала||публичная дипломатия||мягкая сила||образ страны||культурная дипломатия||Финляндия,Kalevala||public diplomacy||soft power||country image||cultural diplomacy||Finland,conference paper,доклад на конференции,http://purl.org/coar/resource_type/c_5794,,,123456789/99999
Балаева_S133.pdf,Предметы одежды как маркеры времени (экстралингвистический фактор в переводе),Articles of clothing as markers of time (an extralinguistic factor in translation),"Балаева, А. М.","Солдатова, Д. Н.",2026,МГИМО МИД России,ru,978-5-9228-3244-1,"Балаева А. М. Предметы одежды как маркеры времени (экстралингвистический фактор в переводе) // Страны Северной Европы и Балтии : общество, культура, язык : материалы II Межвузовской студенческой научно-практической конференции (Москва, МГИМО МИД России, 8 апреля 2026 г.). — Москва : МГИМО МИД России, 2026. — С. 133–134.","Страны Северной Европы и Балтии : общество, культура, язык : материалы II Межвузовской студенческой научно-практической конференции (Москва, МГИМО МИД России, 8 апреля 2026 г.). — Москва : МГИМО МИД России, 2026.","СЕКЦИЯ «ФИНЛЯНДИЯ И ЭСТОНИЯ: ОБЩЕСТВО, КУЛЬТУРА, ЯЗЫК»","В докладе рассматривается роль описаний предметов одежды как экстралингвистического фактора, влияющего на адекватность перевода художественных и публицистических текстов. На материале современных финских СМИ и художественной литературы демонстрируется, что знание культурно-временных особенностей одежды персонажей позволяет переводчику точнее передавать временной контекст, социальный статус, оценочные характеристики и национальную специфику. Особое внимание уделяется расхождениям в восприятии моды в финской культуре (критическое отношение к чрезмерной модности при признании её пользы) и поиску оптимальных переводческих решений для достижения прагматической и семантической эквивалентности.","The report examines the role of descriptions of articles of clothing as an extralinguistic factor influencing the adequacy of the translation of literary and journalistic texts. Using material from contemporary Finnish media and fiction, it is demonstrated that knowledge of the cultural and temporal characteristics of characters’ clothing enables the translator to convey more precisely the temporal context, social status, evaluative nuances and national specificity. Particular attention is paid to differences in the perception of fashion in Finnish culture (a critical attitude towards excessive fashionability combined with recognition of its benefits) and to the search for optimal translation solutions aimed at achieving pragmatic and semantic equivalence.",перевод||экстралингвистический фактор||предметы одежды||маркер времени||финская культура||мода||художественный текст||прагматика перевода||культурная специфика,translation||extralinguistic factor||articles of clothing||marker of time||Finnish culture||fashion||literary text||pragmatics of translation||cultural specificity,conference paper,доклад на конференции,http://purl.org/coar/resource_type/c_5794,,,123456789/99999
Абраменкова_S135.pdf,Эволюция внешнеполитических приоритетов Нидерландов в области креативных индустрий: 1990-е – настоящее время,Evolution of the Netherlands’ foreign policy priorities in the field of creative industries: 1990s – present,"Абраменкова, Н. Д.","Солдатова, Д. Н.",2026,МГИМО МИД России,ru,978-5-9228-3244-1,"Абраменкова Н. Д. Эволюция внешнеполитических приоритетов Нидерландов в области креативных индустрий: 1990-е – настоящее время // Страны Северной Европы и Балтии : общество, культура, язык : материалы II Межвузовской студенческой научно-практической конференции (Москва, МГИМО МИД России, 8 апреля 2026 г.). — Москва : МГИМО МИД России, 2026. — С. 135–138.","Страны Северной Европы и Балтии : общество, культура, язык : материалы II Межвузовской студенческой научно-практической конференции (Москва, МГИМО МИД России, 8 апреля 2026 г.). — Москва : МГИМО МИД России, 2026.","СЕКЦИЯ «НИДЕРЛАНДЫ: ОБЩЕСТВО, КУЛЬТУРА, ЯЗЫК»","В данном исследовании рассматривается проблема изменения политических приоритетов правительства Нидерландов в области креативных индустрий. Вопрос изучается путем рассмотрения выделяемых в экспертном сообществе этапов, поиска закономерности в формировании периодизации и смены тенденций внутри культурной сферы.","This study examines the problem of changing the political priorities of the Dutch government in the field of creative industries. The issue is studied by examining the stages identified by experts, searching for patterns in the formation of periodization, and changing trends within the cultural sphere.",креативные индустрии||Нидерланды||мультикультурализм||релятивизм||национализм||идеализм||инструментализм||кризисное реагирование,creative industries||the Netherlands||multiculturalism||relativism||nationalism||idealism||instrumentalism||crisis response,conference paper,доклад на конференции,http://purl.org/coar/resource_type/c_5794,,,123456789/99999
Федоров_S139.pdf,Советская угроза на страницах нидерландской прессы первой половины 1980-х гг.,Soviet threat in early 1980s Dutch Press,"Федоров, Г. А.","Солдатова, Д. Н.",2026,МГИМО МИД России,ru,978-5-9228-3244-1,"Федоров Г. А. Советская угроза на страницах нидерландской прессы первой половины 1980-х гг. // Страны Северной Европы и Балтии : общество, культура, язык : материалы II Межвузовской студенческой научно-практической конференции (Москва, МГИМО МИД России, 8 апреля 2026 г.). — Москва : МГИМО МИД России, 2026. — С. 139–141.","Страны Северной Европы и Балтии : общество, культура, язык : материалы II Межвузовской студенческой научно-практической конференции (Москва, МГИМО МИД России, 8 апреля 2026 г.). — Москва : МГИМО МИД России, 2026.","СЕКЦИЯ «НИДЕРЛАНДЫ: ОБЩЕСТВО, КУЛЬТУРА, ЯЗЫК»","Настоящая работа исследует репрезентацию СССР в нидерландской печати в период т.н. Второй холодной войны, очередного витка эскалации биполярной конфронтации в 1979–1985 гг. Предпринимается попытка посредством качественного и количественного контент-анализа выявить, с помощью каких инструментов и с акцентом на какие характеристики в прессе Нидерландов создавался образ Советского Союза, с тем чтобы оценить соответствие создаваемой картины архетипичному образу врага. В рамках исследования внимания удостоятся наиболее популярные газеты различной политической направленности и направленные на разные категории населения, что позволит, с одной стороны, выделить общее, а с другой — идентифицировать социально обусловленные характеристики и приемы.","The present study investigates the representation of the USSR in the Dutch press during the so-called Second Cold War, a renewed phase of escalation in the bipolar confrontation between 1979 and 1985. By means of both qualitative and quantitative content analysis, it seeks to identify the instruments employed and the characteristics emphasized in Dutch newspapers in constructing the image of the Soviet Union, with the aim of assessing the extent to which this portrayal corresponded to the archetypal image of the enemy. The analysis focuses on widely circulated newspapers of differing political orientations and targeting diverse readerships, thereby making it possible, on the one hand, to recognise common patterns and, on the other, to discern socially conditioned features and discursive strategies.",Холодная война||СССР||Нидерланды||пресса||газеты||образ врага,Cold War||USSR||the Netherlands||press||newspapers||enemy image,conference paper,доклад на конференции,http://purl.org/coar/resource_type/c_5794,,,123456789/99999
Носикова_S142.pdf,Развитие потенциала Нидерландов в разведывательной сфере в 2025-2026 гг.,Development of the Netherlands’ intelligence capabilities,"Носикова, А. В.","Солдатова, Д. Н.",2026,МГИМО МИД России,ru,978-5-9228-3244-1,"Носикова А. В. Развитие потенциала Нидерландов в разведывательной сфере в 2025-2026 гг. // Страны Северной Европы и Балтии : общество, культура, язык : материалы II Межвузовской студенческой научно-практической конференции (Москва, МГИМО МИД России, 8 апреля 2026 г.). — Москва : МГИМО МИД России, 2026. — С. 142–146.","Страны Северной Европы и Балтии : общество, культура, язык : материалы II Межвузовской студенческой научно-практической конференции (Москва, МГИМО МИД России, 8 апреля 2026 г.). — Москва : МГИМО МИД России, 2026.","СЕКЦИЯ «НИДЕРЛАНДЫ: ОБЩЕСТВО, КУЛЬТУРА, ЯЗЫК»","В статье анализируются ключевые направления развития разведывательного потенциала Нидерландов в 2025–2026 гг. на фоне изменений в трансатлантическом сотрудничестве и стремления страны к усилению стратегической автономии в рамках ЕС. Особое внимание уделяется ускоренному развитию национальных военно-космических программ, включая запуск разведывательных спутников и институциональные преобразования в структуре управления космической деятельностью. Рассматриваются меры по расширению полномочий и кадровому укреплению органов разведки (AIVD и MIVD), а также международные инициативы Нидерландов, направленные на формирование европейской альтернативы существующим разведывательным альянсам. Делается вывод о возрастающей роли страны в европейской архитектуре безопасности.","The article examines the key areas of development of the Netherlands’ intelligence capabilities in 2025–2026 against the backdrop of shifting transatlantic cooperation and the country’s efforts to enhance strategic autonomy within the EU. Particular attention is paid to the accelerated development of national military space programmes, including the launch of reconnaissance satellites and institutional reforms in the governance of space activities. Measures to expand the powers and strengthen the human resources of the intelligence services (AIVD and MIVD) are considered, as well as the Netherlands’ international initiatives aimed at creating a European alternative to existing intelligence alliances. The conclusion highlights the country’s growing role in the European security architecture.",Нидерланды||разведывательная деятельность||спутниковая разведка||MIVD||стратегическая автономия ЕС||военно-техническое сотрудничество||национальная безопасность,Netherlands||intelligence activities||satellite reconnaissance||MIVD||EU strategic autonomy||military-technical cooperation||national security,conference paper,доклад на конференции,http://purl.org/coar/resource_type/c_5794,,,123456789/99999
Гончарук_S147.pdf,Социальные процессы и пространственная политика в Нидерландах,Social dynamics and spatial policy in Netherlands,"Гончарук, А. О.","Солдатова, Д. Н.",2026,МГИМО МИД России,ru,978-5-9228-3244-1,"Гончарук А. О. Социальные процессы и пространственная политика в Нидерландах // Страны Северной Европы и Балтии : общество, культура, язык : материалы II Межвузовской студенческой научно-практической конференции (Москва, МГИМО МИД России, 8 апреля 2026 г.). — Москва : МГИМО МИД России, 2026. — С. 147–149.","Страны Северной Европы и Балтии : общество, культура, язык : материалы II Межвузовской студенческой научно-практической конференции (Москва, МГИМО МИД России, 8 апреля 2026 г.). — Москва : МГИМО МИД России, 2026.","СЕКЦИЯ «НИДЕРЛАНДЫ: ОБЩЕСТВО, КУЛЬТУРА, ЯЗЫК»","Данное исследование посвящено рассмотрению ряда вопросов формирования пространственной политики в Нидерландах на фоне развивающейся социальной динамики. Пространственная политика в Нидерландах – важное направление государственной политики. В совокупности с природными условиями, социальные процессы, такие как миграция и джентрификация, тенденция к формированию более устойчивых и экологичных городов, создают уникальный ландшафт для проведения пространственной политики, в частности это выражается в концепции «страны, созданной человеческими руками», которая поддерживается правительством. Такие условия позволяют применять уникальные механизмы регулирования, однако с ними связаны и определенные сложности, в частности, интеграция мигрантов в общество на локальном уровне, жилищный кризис, необходимость поиска баланса между обществом и окружающей средой в условиях роста городов и плотности населения в них.","The research is concerned with certain aspects of spatial policy determination in the Netherlands, which is a vital part of Dutch state policy. Social dynamics, such as migration, gentrification, sustainability tendency in urban development, combined with geography create unique conditions for implementation of spatial policy, which is reflected in the “man-made country” strategy, supported by the Dutch government. Such circumstances make possible implementation of innovative strategies, though, on the other hand, they result in social issues, such migrant integration, housing crisis and a search for sustainability balance.",джентрификация||интеграция||миграция||пространственная политика||социальная сплоченность,gentrification||integration||migration||spatial policy||social cohesion,conference paper,доклад на конференции,http://purl.org/coar/resource_type/c_5794,,,123456789/99999
Малеванная_S150.pdf,Влияние миграции на нидерландский язык и политику интеграции,The impact of migration on Dutch language and integration policy,"Малеванная, С. В.","Солдатова, Д. Н.",2026,МГИМО МИД России,ru,978-5-9228-3244-1,"Малеванная С. В. Влияние миграции на нидерландский язык и политику интеграции // Страны Северной Европы и Балтии : общество, культура, язык : материалы II Межвузовской студенческой научно-практической конференции (Москва, МГИМО МИД России, 8 апреля 2026 г.). — Москва : МГИМО МИД России, 2026. — С. 150–151.","Страны Северной Европы и Балтии : общество, культура, язык : материалы II Межвузовской студенческой научно-практической конференции (Москва, МГИМО МИД России, 8 апреля 2026 г.). — Москва : МГИМО МИД России, 2026.","СЕКЦИЯ «НИДЕРЛАНДЫ: ОБЩЕСТВО, КУЛЬТУРА, ЯЗЫК»","Данное исследование посвящено анализу влияния миграционных процессов на нидерландский язык и языковую политику Нидерландов. Рассматриваются изменения в языковой ситуации страны, вызванные ростом этнического разнообразия населения. Особое внимание уделяется государственным интеграционным программам, направленным на изучение нидерландского языка мигрантами, а также факторам, влияющим на успешность языковой интеграции. Анализируется также эффективность интеграционных программ и связь знания языка с успешностью на рынке труда.","This study is devoted to the analysis of the impact of migration processes on the Dutch language and the language policy of the Netherlands. The changes in the linguistic situation of the country caused by the growing ethnic diversity of the population are considered. Special attention is paid to government integration programs aimed at learning Dutch by migrants, as well as factors influencing the success of language integration. The effectiveness of integration programs and the relationship between language proficiency and success in the labor market are also analyzed.",миграция||нидерландский язык||языковая политика||интеграция||социолекты||языковая адаптация,migration||Dutch language||language policy||integration||sociolects||language adaptation,conference paper,доклад на конференции,http://purl.org/coar/resource_type/c_5794,,,123456789/99999
Горлова_S152.pdf,Структурное неравенство на рынке жилья в Нидерландах,Structural inequality in the housing market in the Netherlands,"Горлова, Ю. А.","Солдатова, Д. Н.",2026,МГИМО МИД России,ru,978-5-9228-3244-1,"Горлова Ю. А. Структурное неравенство на рынке жилья в Нидерландах // Страны Северной Европы и Балтии : общество, культура, язык : материалы II Межвузовской студенческой научно-практической конференции (Москва, МГИМО МИД России, 8 апреля 2026 г.). — Москва : МГИМО МИД России, 2026. — С. 152–153.","Страны Северной Европы и Балтии : общество, культура, язык : материалы II Межвузовской студенческой научно-практической конференции (Москва, МГИМО МИД России, 8 апреля 2026 г.). — Москва : МГИМО МИД России, 2026.","СЕКЦИЯ «НИДЕРЛАНДЫ: ОБЩЕСТВО, КУЛЬТУРА, ЯЗЫК»","В проведенном исследовании рассматривается как государственная политика и сложившийся рынок жилья в Нидерландах способствуют росту неравенства. Жилищный кризис в Нидерландах непропорционально затрагивает домохозяйства со средним доходом, молодежь и людей, не имеющих достаточного стартового капитала на покупку собственного жилья, что усугубляется государственными мерами [1, c. 450]. Это негативно влияет на психологическое состояние людей, которые не могут позволить себе доступное жилье, а также жизненные планы, включая создание семьи и профессиональную мобильность. Ограниченный доступ к недорогому жилью усиливает социально-экономическое неравенство и имеет долгосрочные последствия для межпоколенческого равенства.","This study examines how government policy and the established housing market in the Netherlands contribute to growing inequality. The housing crisis in the Netherlands disproportionately affects middle-income households, young people, and those lacking sufficient initial capital to purchase their own homes, exacerbated by government measures. This negatively impacts psychological well-being as well as life plans, including family formation and professional mobility. Limited access to affordable housing intensifies socio-economic inequality and has long-term implications for intergenerational equity.",жилищный кризис||жилищное неравенство||рынок жилья Нидерландов||доступность жилья||социальное жилье||молодежь||социальная мобильность,housing crisis||housing inequality||Dutch housing market||housing affordability||social housing||youth||social mobility,conference paper,доклад на конференции,http://purl.org/coar/resource_type/c_5794,,,123456789/99999
Ризьков_S154.pdf,Нидерландский агротехнологический комплекс и как он превратил Нидерланды в мирового экспортёра продовольствия,Dutch agritechnological complex and how it turned the Netherlands into a global food exporter,"Ризьков, П. А.","Солдатова, Д. Н.",2026,МГИМО МИД России,ru,978-5-9228-3244-1,"Ризьков П. А. Нидерландский агротехнологический комплекс и как он превратил Нидерланды в мирового экспортёра продовольствия // Страны Северной Европы и Балтии : общество, культура, язык : материалы II Межвузовской студенческой научно-практической конференции (Москва, МГИМО МИД России, 8 апреля 2026 г.). — Москва : МГИМО МИД России, 2026. — С. 154–155.","Страны Северной Европы и Балтии : общество, культура, язык : материалы II Межвузовской студенческой научно-практической конференции (Москва, МГИМО МИД России, 8 апреля 2026 г.). — Москва : МГИМО МИД России, 2026.","СЕКЦИЯ «НИДЕРЛАНДЫ: ОБЩЕСТВО, КУЛЬТУРА, ЯЗЫК»","Данное исследование посвящено агротехнологиям Нидерландов и их развитию. Рассматривается исторический контекст от голода 1940-х годов до продовольственного лидерства в сфере экспорта. Поставлен акцент на развитии технологий в сфере сельскохозяйственной промышленности, государственной политике Нидерландов в сфере агротехнологий и нынешних вызовах, и ограничениях в данном направлении.","This study focuses on Dutch agritechnologies and their development. It examines the historical context from the famine of the 1940s to the country’s emergence as a global leader in food exports. Particular attention is paid to the development of technologies in the agricultural sector, the Dutch government’s policy in the field of agritechnology, as well as current challenges and constraints in this area.",Нидерланды||агротехнологии||продовольственная безопасность||устойчивое развитие||государственно-частное партнёрство,Netherlands||agritechnologies||food security||sustainable development||public–private partnership,conference paper,доклад на конференции,http://purl.org/coar/resource_type/c_5794,,,123456789/99999
Поддымов_S156.pdf,История фламандского движения и становления фламандской нации во второй половине XX века,The history of the Flemish movement and the formation of the Flemish nation in the Second half of the 20th century,"Поддымов, В. А.","Солдатова, Д. Н.",2026,МГИМО МИД России,ru,978-5-9228-3244-1,"Поддымов В. А. История фламандского движения и становления фламандской нации во второй половине XX века // Страны Северной Европы и Балтии : общество, культура, язык : материалы II Межвузовской студенческой научно-практической конференции (Москва, МГИМО МИД России, 8 апреля 2026 г.). — Москва : МГИМО МИД России, 2026. — С. 156–157.","Страны Северной Европы и Балтии : общество, культура, язык : материалы II Межвузовской студенческой научно-практической конференции (Москва, МГИМО МИД России, 8 апреля 2026 г.). — Москва : МГИМО МИД России, 2026.","СЕКЦИЯ «НИДЕРЛАНДЫ: ОБЩЕСТВО, КУЛЬТУРА, ЯЗЫК»","В современной политической науке и публицистике понятия «нация» и «национализм» остаются одними из наиболее спорных и политически ангажированных. Бельгия представляет собой уникальный кейс для анализа: страна, созданная как буферное государство, на протяжении двух веков существует как арена взаимодействия и противостояния двух национальных проектов — фламандского и валлонского [5]. В данном выступлении на основе теоретических подходов Бенедикта Андерсона, прежде всего, идеи «воображаемых сообществ», рассматривается процесс становления фламандской нации, анализируются ключевые исторические события, формирующие фламандский нарратив, и оценивается роль фламандского движения в создании фламандской нации.","In modern political science and journalism, the concepts of ""nation"" and ""nationalism"" remain among the most contentious and politically charged. Belgium represents a unique case for analysis: a country created as a buffer state, which for two centuries has existed as an arena for interaction and confrontation between two national projects—the Flemish and the Walloon. This presentation, drawing on the theoretical approaches of Benedict Anderson, primarily the idea of ""imagined communities,"" examines the process of the formation of the Flemish nation, analyzes the key historical events shaping the Flemish narrative, and assesses the role of the Flemish movement in the creation of the Flemish nation.",Фландрия||Бельгия||нация||национализм||воображаемые сообщества||Бенедикт Андерсон||фламандское движение,Flanders||Belgium||nation||nationalism||imagined communities||Benedict Anderson||Flemish Movement,conference paper,доклад на конференции,http://purl.org/coar/resource_type/c_5794,,,123456789/99999
Игнатьева_S158.pdf,Английский язык как фактор трансформации языковой ситуации в Нидерландах,English as a factor of transformation of the language situation in the Netherlands,"Игнатьева, А. А.","Солдатова, Д. Н.",2026,МГИМО МИД России,ru,978-5-9228-3244-1,"Игнатьева А. А. Английский язык как фактор трансформации языковой ситуации в Нидерландах // Страны Северной Европы и Балтии : общество, культура, язык : материалы II Межвузовской студенческой научно-практической конференции (Москва, МГИМО МИД России, 8 апреля 2026 г.). — Москва : МГИМО МИД России, 2026. — С. 158–159.","Страны Северной Европы и Балтии : общество, культура, язык : материалы II Межвузовской студенческой научно-практической конференции (Москва, МГИМО МИД России, 8 апреля 2026 г.). — Москва : МГИМО МИД России, 2026.","СЕКЦИЯ «НИДЕРЛАНДЫ: ОБЩЕСТВО, КУЛЬТУРА, ЯЗЫК»","В статье рассматриваются особенности языковой ситуации в Нидерландах в условиях активного взаимодействия нидерландского и английского языков. Анализируется функционирование английского языка в образовании, медиапространстве и повседневной коммуникации, с акцентом на его широкое распространение и влияние на позиции нидерландского языка. Делается вывод о формировании устойчивой модели функционального двуязычия.","This article examines the features of the language situation in the Netherlands in the context of active interaction between Dutch and English. It analyzes the functioning of English in education, media, and everyday communication, focusing on its widespread use and its impact on the position of the Dutch language. The study concludes that a stable model of functional bilingualism has emerged.",языковая ситуация||социолингвистика||английский язык||нидерландский язык||билингвизм||глобализация||межкультурная коммуникация,language situation||sociolinguistics||English language||Dutch language||bilingualism||globalization||intercultural communication,conference paper,доклад на конференции,http://purl.org/coar/resource_type/c_5794,,,123456789/99999
Кармолиева_S160.pdf,Поэтика сборника стихотворений Яна Кремера «Потерянные стихи» (Jan Cremer «Verloren gedichten»),"Poetics of Jan cremer's collection of Poems ""Lost Poems"" (Jan Cremer ""Verloren gedichten"")","Кармолиева, Л. Р.","Солдатова, Д. Н.",2026,МГИМО МИД России,ru,978-5-9228-3244-1,"Кармолиева Л. Р. Поэтика сборника стихотворений Яна Кремера «Потерянные стихи» (Jan Cremer «Verloren gedichten») // Страны Северной Европы и Балтии : общество, культура, язык : материалы II Межвузовской студенческой научно-практической конференции (Москва, МГИМО МИД России, 8 апреля 2026 г.). — Москва : МГИМО МИД России, 2026. — С. 160–162.","Страны Северной Европы и Балтии : общество, культура, язык : материалы II Межвузовской студенческой научно-практической конференции (Москва, МГИМО МИД России, 8 апреля 2026 г.). — Москва : МГИМО МИД России, 2026.","СЕКЦИЯ «НИДЕРЛАНДЫ: ОБЩЕСТВО, КУЛЬТУРА, ЯЗЫК»","Данное исследование представляет собой первое системное филологическое изучение сборника стихотворений Яна Кремера «Потерянные стихи», направленное на восполнение лакуны в изучении нидерландской поэзии XX–XXI веков. Материалом анализа выступают разноязычные (нидерландский, английский) тексты сборника в их взаимосвязи с живописным и фотографическим творчеством автора. С опорой на интермедиальный, мотивный и семиотический подходы в работе обосновывается тезис о том, что поэтическая книга Кремера не является маргинальным экспериментом, но представляет собой закономерный этап творческой эволюции писателя, синтезирующий его художественные стратегии. Доклад демонстрирует, как языковая интерференция, визуальность и интертекстуальные связи формируют уникальную поэтику сборника, долгое время остававшегося в тени прозаического наследия автора.","This study is the first systematic philological study of the collection of poems by Jan Kremer ""Lost Poems"", aimed at filling a gap in the study of Dutch poetry of the XX–XXI centuries. The analysis material is the multilingual (Dutch, English) texts of the collection in their interrelation with the author's pictorial and photographic work. Based on intermediate, motivic, and semiotic approaches, the thesis is substantiated that Kremer's poetry book is not a marginal experiment, but represents a natural stage in the writer's creative evolution, synthesizing his artistic strategies. The report demonstrates how language interference, visuality, and intertextual connections form the unique poetics of a collection that has long remained in the shadow of the author's prose legacy.",Ян Кремер||нидерландская поэзия||«Потерянные стихи»||интермедиальность||мотивный анализ||литературный авангард,"Jan Cremer||Dutch poetry||""Lost Poems""||intermediality||motif analysis||literary avant-garde",conference paper,доклад на конференции,http://purl.org/coar/resource_type/c_5794,,,123456789/99999
Аникеенко_S163.pdf,Креолизованные тексты нидерландской рекламы кондитерских брендов,Creolized texts in Dutch confectionery advertising,"Аникеенко, Е. А.||Рабкина, Н. В.","Солдатова, Д. Н.",2026,МГИМО МИД России,ru,978-5-9228-3244-1,"Аникеенко Е. А.; Рабкина Н. В. Креолизованные тексты нидерландской рекламы кондитерских брендов // Страны Северной Европы и Балтии : общество, культура, язык : материалы II Межвузовской студенческой научно-практической конференции (Москва, МГИМО МИД России, 8 апреля 2026 г.). — Москва : МГИМО МИД России, 2026. — С. 163–165.","Страны Северной Европы и Балтии : общество, культура, язык : материалы II Межвузовской студенческой научно-практической конференции (Москва, МГИМО МИД России, 8 апреля 2026 г.). — Москва : МГИМО МИД России, 2026.","СЕКЦИЯ «НИДЕРЛАНДЫ: ОБЩЕСТВО, КУЛЬТУРА, ЯЗЫК»","В условиях глобализации рынка транснациональные кондитерские бренды сталкиваются с проблемой адаптации рекламных текстов для национальных продаж, связанные с реализацией продукции на территории государства. Направленные на внутренний рынок, креолизованные сообщения сочетают в себе вербальные и визуальные компоненты, являющиеся отражением лингвокультурного кода. Данная статья посвящена анализу стратегий локализации рекламы нидерландских кондитерских брендов и выявлению специфических элементов культурного кода, обеспечивающий эффективную коммуникацию с потребителем.","In a globalizing market, transnational confectionery brands face the challenge of adapting advertising texts for national markets. Such creolized messages combine verbal and visual components that reflect the linguistic and cultural code. This article analyzes the advertising localization strategies of Dutch confectionery brands and identifies specific elements of the cultural code that ensure effective communication with consumers.",язык рекламы||кондитерские товары||нидерландская реклама||креолизованный текст,advertising language||confectionery||Dutch advertising||creolized text,conference paper,доклад на конференции,http://purl.org/coar/resource_type/c_5794,,,123456789/99999
Байкузина_S166.pdf,Социальный критицизм в песнях Йоста Клейна как отражение проблем нидерландского общества,Social criticism in the songs of Jost Klein as a reflection of the problems of Dutch society,"Байкузина, Л. В.","Солдатова, Д. Н.",2026,МГИМО МИД России,ru,978-5-9228-3244-1,"Байкузина Л. В. Социальный критицизм в песнях Йоста Клейна как отражение проблем нидерландского общества // Страны Северной Европы и Балтии : общество, культура, язык : материалы II Межвузовской студенческой научно-практической конференции (Москва, МГИМО МИД России, 8 апреля 2026 г.). — Москва : МГИМО МИД России, 2026. — С. 166–169.","Страны Северной Европы и Балтии : общество, культура, язык : материалы II Межвузовской студенческой научно-практической конференции (Москва, МГИМО МИД России, 8 апреля 2026 г.). — Москва : МГИМО МИД России, 2026.","СЕКЦИЯ «НИДЕРЛАНДЫ: ОБЩЕСТВО, КУЛЬТУРА, ЯЗЫК»","В статье анализируется творчество современного нидерландского музыканта Йоста Клейна (р. 1997) как источник репрезентации социальных проблем Нидерландов. На примере песен «Wachtmuziek», «Luchtballon» и «Europapa» рассматривается критика системы здравоохранения, проблема социальной изоляции и разрыва между декларируемыми ценностями и реальным опытом одиночества.","The article analyzes the work of contemporary Dutch musician Joost Klein (b. 1997) as a source of representation of social problems in the Netherlands. Using the songs ""Wachtmuziek"", ""Luchtballon"" and ""Europapa"" it examines criticism of the healthcare system, the problem of social isolation, and the gap between declared values and the real experience of loneliness.",Йост Клейн||нидерландское общество||социальный критицизм||система здравоохранения||социальная изоляция||молодежная культура,Joost Klein||Dutch society||social criticism||healthcare system||social isolation||youth culture,conference paper,доклад на конференции,http://purl.org/coar/resource_type/c_5794,,,123456789/99999
Кусочек_S170.pdf,Wereldmuseum: от колониальной витрины к постколониальному диалогу,Wereldmuseum: From colonial stage to postcolonial dialogue,"Кусочек, М. Р.","Солдатова, Д. Н.",2026,МГИМО МИД России,ru,978-5-9228-3244-1,"Кусочек М. Р. Wereldmuseum: от колониальной витрины к постколониальному диалогу // Страны Северной Европы и Балтии : общество, культура, язык : материалы II Межвузовской студенческой научно-практической конференции (Москва, МГИМО МИД России, 8 апреля 2026 г.). — Москва : МГИМО МИД России, 2026. — С. 170–171.","Страны Северной Европы и Балтии : общество, культура, язык : материалы II Межвузовской студенческой научно-практической конференции (Москва, МГИМО МИД России, 8 апреля 2026 г.). — Москва : МГИМО МИД России, 2026.","СЕКЦИЯ «НИДЕРЛАНДЫ: ОБЩЕСТВО, КУЛЬТУРА, ЯЗЫК»","В данной статье рассматривается история амстердамского Wereldmuseum. В настоящее время бывший колониальный институт стал пространством диалога культур и проведения политики реституций. История музея рассматривается в контексте осмысления Нидерландами своего колониального прошлого. Особое внимание уделяется выставке «Unfinished past: return, keep, or?…», посвященной вопросам будущего колониального музейного наследия.","This article explores the history of the Wereldmuseum in Amsterdam. The former colonial institution has now become a space for intercultural dialogue and the implementation of restitution policies. The museum's history is examined in the context of the Netherlands' ongoing reflection on its colonial past. Special attention is paid to the exhibition ""Unfinished Past: return, keep, or…?"" which raises questions about the future of colonial museum heritage.",Wereldmuseum||колониальные коллекции||деколонизация||трансформация музея||реституция||культурная память,Wereldmuseum||colonial collections||decolonization||museum transformation||restitution||cultural memory,conference paper,доклад на конференции,http://purl.org/coar/resource_type/c_5794,,,123456789/99999
Никифоров_S172.pdf,Положение этнических меньшинств в современных Нидерландах,The situation of ethnic minorities in the contemporary Netherlands,"Никифоров, И. А.","Солдатова, Д. Н.",2026,МГИМО МИД России,ru,978-5-9228-3244-1,"Никифоров И. А. Положение этнических меньшинств в современных Нидерландах // Страны Северной Европы и Балтии : общество, культура, язык : материалы II Межвузовской студенческой научно-практической конференции (Москва, МГИМО МИД России, 8 апреля 2026 г.). — Москва : МГИМО МИД России, 2026. — С. 172–174.","Страны Северной Европы и Балтии : общество, культура, язык : материалы II Межвузовской студенческой научно-практической конференции (Москва, МГИМО МИД России, 8 апреля 2026 г.). — Москва : МГИМО МИД России, 2026.","СЕКЦИЯ «НИДЕРЛАНДЫ: ОБЩЕСТВО, КУЛЬТУРА, ЯЗЫК»","В статье рассматриваются ключевые факторы формирования полиэтничного состава населения Нидерландов, включая колониальное наследие, национальную миграционную политику и общеевропейские процессы. Анализируются три основные волны постколониальной миграции (индонезийская, суринамская, антильская), особенности трудовой миграции из стран Северной Африки и Восточной Европы, а также положение автохтонных и европейских меньшинств. Особое внимание уделено современным демографическим тенденциям и политической борьбе вокруг миграционного вопроса, что подтверждает актуальность проблематики для нидерландского общества.","The article examines the key factors shaping the multiethnic composition of the population of the Netherlands, including colonial heritage, national migration policy, and pan-European processes. It analyzes three main waves of postcolonial migration (Indonesian, Surinamese, and Antillean), the features of labor migration from North African and Eastern European countries, as well as the status of autochthonous and European minorities. Special attention is paid to contemporary demographic trends and the political struggle over the migration issue, which confirms the continued relevance of this topic for Dutch society.",Нидерланды||этнические меньшинства||миграционная политика||колониальное наследие||интеграция,Netherlands||ethnic minorities||migration policy||colonial heritage||integration,conference paper,доклад на конференции,http://purl.org/coar/resource_type/c_5794,,,123456789/99999
Гриник_S175.pdf,Вернувшаяся диаспора как канал формирования политической элиты постсоветской Литвы,The returned diaspora as a channel for the formation of the political elite of post-soviet Lithuania,"Гриник, С. В.","Солдатова, Д. Н.",2026,МГИМО МИД России,ru,978-5-9228-3244-1,"Гриник С. В. Вернувшаяся диаспора как канал формирования политической элиты постсоветской Литвы // Страны Северной Европы и Балтии : общество, культура, язык : материалы II Межвузовской студенческой научно-практической конференции (Москва, МГИМО МИД России, 8 апреля 2026 г.). — Москва : МГИМО МИД России, 2026. — С. 175–176.","Страны Северной Европы и Балтии : общество, культура, язык : материалы II Межвузовской студенческой научно-практической конференции (Москва, МГИМО МИД России, 8 апреля 2026 г.). — Москва : МГИМО МИД России, 2026.","СЕКЦИЯ «ЛАТВИЯ И ЛИТВА: ОБЩЕСТВО, КУЛЬТУРА, ЯЗЫК»","Работа посвящена изучению роли вернувшихся из эмиграции литовцев в формировании политической элиты Литовской Республики после 1990 года. Особое внимание уделено институциональным механизмам их включения в политический класс, прежде всего каналам элитного рекрутирования.","This study examines the role of returnees from the Lithuanian diaspora in shaping the political elite of the Republic of Lithuania after 1990. Particular attention is paid to the institutional mechanisms of their integration into the political class, especially the channels of elite recruitment.",Литва||постсоветская трансформация||вернувшаяся диаспора||политическая элита||элитное рекрутирование,Lithuania||post-Soviet transformation||returned diaspora||political elite||elite recruitment,conference paper,доклад на конференции,http://purl.org/coar/resource_type/c_5794,,,123456789/99999
Стрижова_S177.pdf,Политика Латвии в отношении немецкого и русского населения (1919-1933 гг),Policy of Latvia towards the German and Russian populations,"Стрижова, М. Е.","Солдатова, Д. Н.",2026,МГИМО МИД России,ru,978-5-9228-3244-1,"Стрижова М. Е. Политика Латвии в отношении немецкого и русского населения (1919-1933 гг) // Страны Северной Европы и Балтии : общество, культура, язык : материалы II Межвузовской студенческой научно-практической конференции (Москва, МГИМО МИД России, 8 апреля 2026 г.). — Москва : МГИМО МИД России, 2026. — С. 177–178.","Страны Северной Европы и Балтии : общество, культура, язык : материалы II Межвузовской студенческой научно-практической конференции (Москва, МГИМО МИД России, 8 апреля 2026 г.). — Москва : МГИМО МИД России, 2026.","СЕКЦИЯ «ЛАТВИЯ И ЛИТВА: ОБЩЕСТВО, КУЛЬТУРА, ЯЗЫК»","Работа посвящена анализу положения немецкого и русского национальных меньшинств в Латвийской Республике в период парламентской демократии (1919– 1933). Рассматриваются демографическая динамика меньшинств, их интеграция в политическую систему и влияние ключевых государственных реформ на их социально-экономический статус.","This paper analyzes the situation of the German and Russian national minorities in the Republic of Latvia during the period of parliamentary democracy (1919–1933). It examines the demographic dynamics of minorities, their integration into the political system, and the impact of key state reforms on their socioeconomic status.",национальные меньшинства||Латвия||немцы||русские||русская община,national minorities||Latvia||Germans||Russians||Russian community,conference paper,доклад на конференции,http://purl.org/coar/resource_type/c_5794,,,123456789/99999
Плотникова_S179.pdf,Тема одиночества в произведениях Юозаса-тумаса Вайжгантаса и Валдаса Папевиса,The theme of loneliness in the works of Juozas Vaižgantas and Valdas Papievis,"Плотникова, Е. Е.","Солдатова, Д. Н.",2026,МГИМО МИД России,ru,978-5-9228-3244-1,"Плотникова Е. Е. Тема одиночества в произведениях Юозаса-тумаса Вайжгантаса и Валдаса Папевиса // Страны Северной Европы и Балтии : общество, культура, язык : материалы II Межвузовской студенческой научно-практической конференции (Москва, МГИМО МИД России, 8 апреля 2026 г.). — Москва : МГИМО МИД России, 2026. — С. 179–181.","Страны Северной Европы и Балтии : общество, культура, язык : материалы II Межвузовской студенческой научно-практической конференции (Москва, МГИМО МИД России, 8 апреля 2026 г.). — Москва : МГИМО МИД России, 2026.","СЕКЦИЯ «ЛАТВИЯ И ЛИТВА: ОБЩЕСТВО, КУЛЬТУРА, ЯЗЫК»","Работа посвящена теме одиночества в произведениях Валдаса Папевиса и Юозаса-Тумаса Вайжгантаса. Особое внимание уделяется также эволюции этой темы в литовской литературе XX–XXI веков. Важным компонентом анализа являются социально обусловленные факторы, биографии авторов, особенности их работ.","This paper explores the theme of loneliness in the works of Valdas Papevis and Juozas Vaižgantas. Particular attention is also given to this theme in Lithuanian literature of the 20th and 21st centuries. Socially conditioned factors, the authors' biographies, and the specifics of their work are important components of the analysis.",литовская литература||одиночество||эмиграция||современная литература||постмодернизм||реализм,Lithuanian literature||loneliness||emigration||contemporary literature||postmodernism||realism,conference paper,доклад на конференции,http://purl.org/coar/resource_type/c_5794,,,123456789/99999
Стародубова_S182.pdf,Реформа публичного вещателя «литовское национальное радио и телевидение» в 2025 году: конфликт подотчетности и независимости,Reform of the public broadcaster “Lithuanian national radio and television” in 2025: The conflict between accountability and the independence,"Стародубова, Е. В.","Солдатова, Д. Н.",2026,МГИМО МИД России,ru,978-5-9228-3244-1,"Стародубова Е. В. Реформа публичного вещателя «литовское национальное радио и телевидение» в 2025 году: конфликт подотчетности и независимости // Страны Северной Европы и Балтии : общество, культура, язык : материалы II Межвузовской студенческой научно-практической конференции (Москва, МГИМО МИД России, 8 апреля 2026 г.). — Москва : МГИМО МИД России, 2026. — С. 182–183.","Страны Северной Европы и Балтии : общество, культура, язык : материалы II Межвузовской студенческой научно-практической конференции (Москва, МГИМО МИД России, 8 апреля 2026 г.). — Москва : МГИМО МИД России, 2026.","СЕКЦИЯ «ЛАТВИЯ И ЛИТВА: ОБЩЕСТВО, КУЛЬТУРА, ЯЗЫК»","В работе анализируется попытка институциональной реформы общественного вещателя LRT в Литве, направленной на изменение модели его управления и финансирования, а также последовавшие за ней массовые протесты. Рассматривается общественно-политический контекст данной инициативы, включая устойчиво низкий уровень общественного доверия к ключевым политическим институтам — правительству и Сейму, а также роль СМИ, в том числе LRT, в формировании критического отношения к власти. Особое внимание уделяется ретроспективному анализу взаимодействия различных политических сил с LRT, прежде всего попыткам правящих коалиций в разные периоды оказывать влияние на вещателя посредством административных реформ и изменений в модели его управления. Также рассматривается общественная реакция на подобные действия властей, в частности её ограниченный характер. В связи с этим предпринимается попытка выявить основные причины массового характера протестов, вызванных поправками, предложенными в 2025 году.","The work examines an attempt at institutional reform of the public broadcaster LRT in Lithuania, aimed at changing its governance and funding model, as well as the mass protests that followed. It explores the socio-political context of this initiative, including the persistently low level of public trust in key political institutions, the government and the Seimas, as well as the role of the media, including LRT, in shaping critical attitudes toward the authorities. Particular attention is paid to a retrospective analysis of the interaction between various political forces and LRT, especially the attempts by ruling coalitions at different periods to exert influence over the broadcaster through administrative reforms and changes to its governance model. The study also considers public reactions to such actions by the authorities, in particular their limited nature. In this regard, it seeks to identify the main factors behind the scale of the protests triggered by the amendments proposed in 2025.",СМИ||общественный вещатель||медиаполитика||протестная активность||доверие к институтам,Media||Public broadcaster||Media policy||Protest activity||Trust in institutions,conference paper,доклад на конференции,http://purl.org/coar/resource_type/c_5794,,,123456789/99999
Борисов_S184.pdf,Кириллизация литовского языка как направление национальной политики Российской империи,The cyrrilization of the Lithuanian language as a national policy of the Russian Empire,"Борисов, В. С.","Солдатова, Д. Н.",2026,МГИМО МИД России,ru,978-5-9228-3244-1,"Борисов В. С. Кириллизация литовского языка как направление национальной политики Российской империи // Страны Северной Европы и Балтии : общество, культура, язык : материалы II Межвузовской студенческой научно-практической конференции (Москва, МГИМО МИД России, 8 апреля 2026 г.). — Москва : МГИМО МИД России, 2026. — С. 184–185.","Страны Северной Европы и Балтии : общество, культура, язык : материалы II Межвузовской студенческой научно-практической конференции (Москва, МГИМО МИД России, 8 апреля 2026 г.). — Москва : МГИМО МИД России, 2026.","СЕКЦИЯ «ЛАТВИЯ И ЛИТВА: ОБЩЕСТВО, КУЛЬТУРА, ЯЗЫК»",В настоящей работе рассмотрены причины и ход реформ в Северо-Западном крае Российской империи. Во второй половине XIX в. был поставлен вопрос о переводе литовского языка на кириллический алфавит. Реализация этой меры стала продолжением политики деполонизации и русификации Литвы после подавления польского восстания 1863–1864 гг.,"The research is devoted to the analysis of reforms in the Northwestern Krai of the Russian Empire. Conducted in the second half of the 19th century, the reforms were related to replacing the Latin alphabet with Cyrillic alphabet for the Lithuanian language. It served as a continuation of depolonization and Russification policy in the North-Western Territory after the suppression of the Polish uprising.",литовский язык||алфавит||кириллица||литовская печать||цензура||русификация||деполонизация,Lithuanian language||alphabet||Cyrillic||Lithuanian printing||censorship||Russification||depolonization,conference paper,доклад на конференции,http://purl.org/coar/resource_type/c_5794,,,123456789/99999
Попкова_S186.pdf,Феномен литовского театра в Москве,Phenomenon of Lithuanian theatre in Moscow,"Попкова, Л. Д.||Радюкина, А. Д.","Солдатова, Д. Н.",2026,МГИМО МИД России,ru,978-5-9228-3244-1,"Попкова Л. Д.; Радюкина А. Д. Феномен литовского театра в Москве // Страны Северной Европы и Балтии : общество, культура, язык : материалы II Межвузовской студенческой научно-практической конференции (Москва, МГИМО МИД России, 8 апреля 2026 г.). — Москва : МГИМО МИД России, 2026. — С. 186–187.","Страны Северной Европы и Балтии : общество, культура, язык : материалы II Межвузовской студенческой научно-практической конференции (Москва, МГИМО МИД России, 8 апреля 2026 г.). — Москва : МГИМО МИД России, 2026.","СЕКЦИЯ «ЛАТВИЯ И ЛИТВА: ОБЩЕСТВО, КУЛЬТУРА, ЯЗЫК»","Работа посвящена изучению такого феномена, как литовский театр в Москве. Особое внимание уделяется созданию первых постановок литовских режиссеров, а также последующему развитию этого явления. Кроме того, важным представляется выявить характерные черты в постановках режиссеров из Литвы. В работе также анализируется значение русско-литовского культурного сотрудничества в указанной сфере.","This research is aimed at studying the appearance of the phenomenon of Lithuanian theatre in Moscow. The study pays special attention to the creation of the first productions by Lithuanian directors, as well as the subsequent development of this phenomenon. Furthermore, it is essential to identify the distinctive features in the productions of directors from Lithuania. The study also analyzes the significance of Russian-Lithuanian cultural cooperation in this area.",литовский театр в Москве||Римас Туминас||Миндаугас Карбаускис||Эймунтас Някрошюс||Гедрюс Мацкявичюс||Кама Гинкас||культурный обмен||метафоричность||русская классика,Lithuanian theatre in Moscow||Rimas Tuminas||Mindaugas Karbauskis||Eimuntas Nekrošius||Giedrius Mackevičius||Kama Ginkas||cultural exchange||metaphoricity||Russian classics,conference paper,доклад на конференции,http://purl.org/coar/resource_type/c_5794,,,123456789/99999
Волкова_S188.pdf,Трансформация региональной структуры Латвии: соотношение этнографических и статистических регионов,Transformation of latvia's regional structure: Correlation of ethnographic and statistical regions,"Волкова, В. А.","Солдатова, Д. Н.",2026,МГИМО МИД России,ru,978-5-9228-3244-1,"Волкова В. А. Трансформация региональной структуры Латвии: соотношение этнографических и статистических регионов // Страны Северной Европы и Балтии : общество, культура, язык : материалы II Межвузовской студенческой научно-практической конференции (Москва, МГИМО МИД России, 8 апреля 2026 г.). — Москва : МГИМО МИД России, 2026. — С. 188–189.","Страны Северной Европы и Балтии : общество, культура, язык : материалы II Межвузовской студенческой научно-практической конференции (Москва, МГИМО МИД России, 8 апреля 2026 г.). — Москва : МГИМО МИД России, 2026.","СЕКЦИЯ «ЛАТВИЯ И ЛИТВА: ОБЩЕСТВО, КУЛЬТУРА, ЯЗЫК»","Региональная структура Латвии формировалась под влиянием как историко-культурных, так и современных социально-экономических факторов. В результате на территории страны сосуществуют две системы территориального деления: традиционные этнографические регионы, сложившиеся в ходе исторического развития, и современные статистические регионы, используемые в рамках европейской системы территориальной классификации NUTS. Цель работы заключается в выявлении особенностей соотношения этнографических и статистических регионов. В работе рассматриваются исторические основы формирования этнографических регионов, их культурные и языковые особенности, а также современное административно-статистическое деление страны на регионы планирования уровня NUTS-3.","The regional structure of Latvia was formed under the influence of both historical, cultural and modern socio-economic factors. As a result, two systems of territorial division coexist on the territory of the country: traditional ethnographic regions that have developed over the course of historical development, and modern statistical regions used within the framework of the European NUTS territorial classification system. The purpose of the work is to analyze the transformation of the regional structure of Latvia and identify the features of the correlation of ethnographic and statistical regions. The study examines the historical foundations of the formation of ethnographic regions, their cultural and linguistic features, as well as the modern administrative and statistical division of the country into NUTS-3 planning regions.",регионализация||этнографические регионы||статистические регионы||региональная структура||NUTS-3||региональная идентичность||региональное развитие||Латвия,regionalization||ethnographic regions||statistical regions||regional structure||NUTS-3||regional identity||regional development||Latvia,conference paper,доклад на конференции,http://purl.org/coar/resource_type/c_5794,,,123456789/99999
Рогач_S190.pdf,Эмоциональные конструкции в литовском языке,Emotional constructions in The Lithuanian language,"Рогач, Е. О.","Солдатова, Д. Н.",2026,МГИМО МИД России,ru,978-5-9228-3244-1,"Рогач Е. О. Эмоциональные конструкции в литовском языке // Страны Северной Европы и Балтии : общество, культура, язык : материалы II Межвузовской студенческой научно-практической конференции (Москва, МГИМО МИД России, 8 апреля 2026 г.). — Москва : МГИМО МИД России, 2026. — С. 190–191.","Страны Северной Европы и Балтии : общество, культура, язык : материалы II Межвузовской студенческой научно-практической конференции (Москва, МГИМО МИД России, 8 апреля 2026 г.). — Москва : МГИМО МИД России, 2026.","СЕКЦИЯ «ЛАТВИЯ И ЛИТВА: ОБЩЕСТВО, КУЛЬТУРА, ЯЗЫК»","Исследование посвящено анализу способов выражения эмоций в современном литовском языке посредством грамматических конструкций. На основе количественного анализа корпусных данных устанавливается корреляция между падежом субъекта и степенью его контроля над эмоцией: определяются эмоции, воспринимаемые как неконтролируемые (навязанные извне) и контролируемые (инициированные самим субъектом). Работа демонстрирует характерное для балтийского культурного пространства распределение частотности дативных, номинативных и аккузативных конструкций при выражении эмоций, что отражает ареальную специфику региона.","The present study is devoted to the analysis of how emotions are expressed in modern Lithuanian through grammatical constructions. Based on a quantitative analysis of corpus data, a correlation is established between the case marking of the subject/experiencer and the degree of subjective control over the emotion: emotions perceived as uncontrollable (imposed from outside) are distinguished from those perceived as controllable (initiated by the subject themselves). The research demonstrates the frequency distribution of dative, nominative, and accusative constructions typical of the Baltic cultural-linguistic area in the expression of emotions, thereby reflecting the areal specificity of the region.",литовский язык||эмоциональные конструкции||контроль эмоций||падеж||культурная специфика,Lithuanian language||emotional constructions||emotion control||grammatical case||cultural specificity,conference paper,доклад на конференции,http://purl.org/coar/resource_type/c_5794,,,123456789/99999
Булюк_S192.pdf,Кот в латышской культуре: от хранителя дома до городского символа,The Cat in Latvian culture: From the Guardian of the House to the city symbol,"Булюк, Д. В.","Солдатова, Д. Н.",2026,МГИМО МИД России,ru,978-5-9228-3244-1,"Булюк Д. В. Кот в латышской культуре: от хранителя дома до городского символа // Страны Северной Европы и Балтии : общество, культура, язык : материалы II Межвузовской студенческой научно-практической конференции (Москва, МГИМО МИД России, 8 апреля 2026 г.). — Москва : МГИМО МИД России, 2026. — С. 192–194.","Страны Северной Европы и Балтии : общество, культура, язык : материалы II Межвузовской студенческой научно-практической конференции (Москва, МГИМО МИД России, 8 апреля 2026 г.). — Москва : МГИМО МИД России, 2026.","СЕКЦИЯ «ЛАТВИЯ И ЛИТВА: ОБЩЕСТВО, КУЛЬТУРА, ЯЗЫК»","В работе исследуется феномен репрезентации образа кота в латышской культуре. Анализируется трансформация восприятия этого животного от мифологического персонажа и персонажа бытовых сказок до ключевого символа городской идентичности Риги и…. Особое внимание уделяется «Кошкиному дому», а также роли котов в формировании современной культуры Латвии.","This paper examines the phenomenon of the representation of the cat’s image in Latvian culture. It analyzes the transformation of the perception of this animal from a mythological character and a persona of everyday fairy tales to a key symbol of Riga's urban identity. Special attention is paid to the semantics of the “Cat House” as an architectural manifesto, as well as the role of cats in shaping the modern cultural landscape of Latvia.",латышская культура||«Кошкин дом»||Рига||городская мифология||фольклор||символ||идентичность||зооморфный символизм||животные,Latvian culture||Cat House||Riga||urban mythology||folklore||symbol||identity,conference paper,доклад на конференции,http://purl.org/coar/resource_type/c_5794,,,123456789/99999
Григорьев_S195.pdf,Ход развития литовской промышленности в постсоветскую эпоху,The development of Lithuanian industry in the post-soviet era,"Григорьев, Д. Ю.","Солдатова, Д. Н.",2026,МГИМО МИД России,ru,978-5-9228-3244-1,"Григорьев Д. Ю. Ход развития литовской промышленности в постсоветскую эпоху // Страны Северной Европы и Балтии : общество, культура, язык : материалы II Межвузовской студенческой научно-практической конференции (Москва, МГИМО МИД России, 8 апреля 2026 г.). — Москва : МГИМО МИД России, 2026. — С. 195–196.","Страны Северной Европы и Балтии : общество, культура, язык : материалы II Межвузовской студенческой научно-практической конференции (Москва, МГИМО МИД России, 8 апреля 2026 г.). — Москва : МГИМО МИД России, 2026.","СЕКЦИЯ «ЛАТВИЯ И ЛИТВА: ОБЩЕСТВО, КУЛЬТУРА, ЯЗЫК»","Работа посвящена анализу процесса трансформации и восстановления промышленного сектора Литвы в период после распада СССР (1990–2004 гг.). Особое внимание уделяется изучению влияния системных экономических реформ (либерализация, приватизация) на структуру промышленности, а также роли иностранных инвестиций и интеграционных процессов (вступление в ЕС) в модернизации производства. В работе рассматриваются ключевые вызовы переходного периода, такие как потеря традиционных рынков сбыта и необходимость ребрендинга литовской продукции, и определяется роль данного этапа в формировании современной экономической модели страны.","This research is aimed at analyzing the process of transformation and recovery of the industrial sector in Lithuania during the period after the collapse of the USSR (1990–2004). Special attention is paid to the study of the influence of systemic economic reforms (liberalization, privatization) on the structure of industry, as well as the role of foreign investment and integration processes (EU accession) in the modernization of production. The paper examines the key challenges of the transition period, such as the loss of traditional markets and the need for rebranding of Lithuanian products, and defines the role of this stage in shaping the country's modern economic model.",Литва||постсоветское пространство||промышленность||экономические реформы||приватизация||модернизация||Европейский союз||переходная экономика,Lithuania||post-Soviet space||industry||economic reforms||privatization||modernization||European Union||transition economy,conference paper,доклад на конференции,http://purl.org/coar/resource_type/c_5794,,,123456789/99999
Минакова_S197.pdf,"Политика памяти о Второй мировой войне в Литве и Латвии: национальные нарративы, коммеморативные практики и конфликт интерпретаций (2014–2025 гг.)","World War II remembrance policy in Lithuania and Latvia: National narratives, commemorative practices, and conflict of interpretations","Минакова, А. К.||Сливкина, С. А.","Солдатова, Д. Н.",2026,МГИМО МИД России,ru,978-5-9228-3244-1,"Минакова А. К.; Сливкина С. А. Политика памяти о Второй мировой войне в Литве и Латвии: национальные нарративы, коммеморативные практики и конфликт интерпретаций (2014–2025 гг.) // Страны Северной Европы и Балтии : общество, культура, язык : материалы II Межвузовской студенческой научно-практической конференции (Москва, МГИМО МИД России, 8 апреля 2026 г.). — Москва : МГИМО МИД России, 2026. — С. 197–199.","Страны Северной Европы и Балтии : общество, культура, язык : материалы II Межвузовской студенческой научно-практической конференции (Москва, МГИМО МИД России, 8 апреля 2026 г.). — Москва : МГИМО МИД России, 2026.","СЕКЦИЯ «ЛАТВИЯ И ЛИТВА: ОБЩЕСТВО, КУЛЬТУРА, ЯЗЫК»","Исследование посвящено изучению трансформации политики памяти о Второй мировой войне в Литве и Латвии в период с 2014 по 2025 гг. В работе рассматриваются национальные нарративы, основанные на концептах сравнения нацистского и советского режимов, эволюция коммеморативных практик после событий 2014 года. Уделяется внимание усилению конфронтации между странами Балтии и Российской Федерации на фоне существования различных интерпретаций исторического опыта государств. Рассматриваются механизмы «борьбы» с советским наследием на примере сноса памятников СССР, законодательных актов, топонимики. На основе этого анализа сформулированы особенности формирования новой исторической идентичности.","This study examines the transformation of World War II memory policy in Lithuania and Latvia in the period from 2014 to 2025. The paper examines national narratives based on the concepts of comparing the Nazi and Soviet regimes, and the evolution of commemorative practices after the events of 2014. Attention is paid to the intensification of confrontation between the Baltic states and the Russian Federation against the background of the existence of different interpretations of the historical experience of the states. The mechanisms of the ""struggle"" with the Soviet heritage are considered on the example of the demolition of monuments of the USSR, legislative acts, toponymy. Based on this analysis, the features of the formation of a new historical identity are formulated.",политика памяти||Вторая мировая война||коммеморативные практики||Латвия||Литва,politics of memory||World War II||commemorative practices||Latvia||Lithuania,conference paper,доклад на конференции,http://purl.org/coar/resource_type/c_5794,,,123456789/99999
Вельмезев_S200.pdf,Эволюция образа Лачплесиса в латышской культуре и исторической памяти,Evolution of The image of Lāčplēsis in Latvian culture and historical memory,"Вельмезев, П. П.","Солдатова, Д. Н.",2026,МГИМО МИД России,ru,978-5-9228-3244-1,"Вельмезев П. П. Эволюция образа Лачплесиса в латышской культуре и исторической памяти // Страны Северной Европы и Балтии : общество, культура, язык : материалы II Межвузовской студенческой научно-практической конференции (Москва, МГИМО МИД России, 8 апреля 2026 г.). — Москва : МГИМО МИД России, 2026. — С. 200–201.","Страны Северной Европы и Балтии : общество, культура, язык : материалы II Межвузовской студенческой научно-практической конференции (Москва, МГИМО МИД России, 8 апреля 2026 г.). — Москва : МГИМО МИД России, 2026.","СЕКЦИЯ «ЛАТВИЯ И ЛИТВА: ОБЩЕСТВО, КУЛЬТУРА, ЯЗЫК»","В работе исследуется эволюция образа главного героя латышского эпоса «Лачплесис» – от персонажа народных сказок до ключевого элемента национальной идентичности и государственного символа Латвии. Анализируется историко-культурный контекст создания эпоса Андреем Пумпурсом в 1888 году. Особое внимание уделяется трансформации образа в XX–XXI веках: его роли в формировании национального самосознания в период первой независимости, включению в военную символику (орден Лачплесиса) и превращению в центральный элемент государственного праздника – Дня Лачплесиса 11 ноября, установленного в память о победе над войсками Бермонта в 1919 году. В работе также рассматриваются современные интерпретации и критические оценки образа.","The article examines the evolution of the image of the protagonist of the Latvian epic ""Lāčplēsis"" — from a character in folk tales to a key element of national identity and a state symbol of Latvia. The historical and cultural context of the creation of the epic by Andrejs Pumpurs in 1888 is analyzed. Special attention is paid to the transformation of the image in the 20th–21st centuries: its role in the formation of national consciousness during the period of first independence, its inclusion in military symbolism (the Order of Lāčplēsis), and its transformation into a central element of the state holiday — Lāčplēsis Day on November 11, established in memory of the victory over Bermondt's troops in 1919. The article also examines contemporary interpretations and critical evaluations of the image.",Лачплесис||латышский эпос||национальная идентичность||историческая память||Андрей Пумпурс||День Лачплесиса||национальный символ,Lāčplēsis||Latvian epic||national identity||historical memory||Andrejs Pumpurs||Lāčplēsis Day||national symbol,conference paper,доклад на конференции,http://purl.org/coar/resource_type/c_5794,,,123456789/99999
Гурнянский_S202.pdf,"Миграционная политика Латвии: факты, мифы, новые вызовы","Latvia's immigration policy: Facts, myths, and new challenges","Гурнянский, С. В.","Солдатова, Д. Н.",2026,МГИМО МИД России,ru,978-5-9228-3244-1,"Гурнянский С. В. Миграционная политика Латвии: факты, мифы, новые вызовы // Страны Северной Европы и Балтии : общество, культура, язык : материалы II Межвузовской студенческой научно-практической конференции (Москва, МГИМО МИД России, 8 апреля 2026 г.). — Москва : МГИМО МИД России, 2026. — С. 202–203.","Страны Северной Европы и Балтии : общество, культура, язык : материалы II Межвузовской студенческой научно-практической конференции (Москва, МГИМО МИД России, 8 апреля 2026 г.). — Москва : МГИМО МИД России, 2026.","СЕКЦИЯ «ЛАТВИЯ И ЛИТВА: ОБЩЕСТВО, КУЛЬТУРА, ЯЗЫК»","Данная работа презентует результаты комплексного анализа феномена миграции в современной Латвии. Основной акцент был сделан на структуре иммигрировавшего населения: его национальном составе, основаниях пребывания в Латвии (убежище, Голубая карта, ПМЖ и др.) и пр. Будет рассмотрено также отношение латвийского общества к миграции, в том числе скептицизм по поводу миграции. Наконец, важной частью нашей работы было выделение ключевых тенденций миграционной динамики в Латвии в последние годы (начиная с 2021 г.), главной из которых, с нашей точки зрения, является претворение Латвией в жизнь общих целей и директив ЕС в области регулирования миграции.","This report presents the results of a comprehensive analysis of migration trends in contemporary Latvia. The main focus was on the structure of the immigrant population: its ethnic composition, grounds for residence in Latvia (asylum, Blue Card, permanent residence, etc.), and other related aspects. Finally, an important part of our work was identifying key trends in migration dynamics in Latvia in recent years (beginning in 2021). These, in turn, relate, among other things, to the implementation of the EU’s common objectives and guidelines in the area of migration regulation.",миграция||иммиграция||эмиграция||миграционная политика||Голубая карта||политическое убежище,migration||immigration||emigration||migration policy||Blue card||asylum,conference paper,доклад на конференции,http://purl.org/coar/resource_type/c_5794,,,123456789/99999
